MutantName,ExperimentDate,Drug,0.05,0.15,0.46,1.37,4.12,12.35,37.04,111.11,333.33,1000.0,3000.0,9000.0
A26T,2019-08-14,4'-DTMP,0.45640000000000003,0.49129999999999996,0.3963,0.46879999999999994,0.4041,"",0.2466,0.0012999999999999956,0.000899999999999998,0.0,0.0021000000000000046,0.019699999999999995
A26T,2019-08-14,TMP,0.4566,0.437,0.6505,0.48760000000000003,0.4139,0.3472,0.3881,0.0006999999999999992,0.0,0.0011999999999999997,0.0,0.0203
A26T,2019-08-21,4'-DTMP,0.2106,0.3746,0.42769999999999997,0.47659999999999997,0.40990000000000004,0.5716,0.0,0.0,0.0,0.002599999999999998,0.001700000000000007,0.0
A26T,2019-08-21,TMP,0.1018,0.4266,0.5165,0.3434,0.5062,0.3892,0.2731,0.3638,0.0,0.0013000000000000025,0.0,0.0
A26T,2019-09-04,4'-DTMP,0.39249999999999996,0.4946,0.4295,0.5802,0.5708,0.3933,0.47009999999999996,0.0022000000000000006,0.0,0.004799999999999999,0.0,0.03259999999999999
A26T,2019-09-04,TMP,0.4369,0.393,0.44830000000000003,0.46809999999999996,0.42989999999999995,0.47990000000000005,0.3765,0.5985,0.0,0.0001999999999999988,0.0,0.027200000000000002
A26T-I94L,2019-08-14,4'-DTMP,0.4739,0.5542,0.5182,0.5873,0.5726,0.5842,0.31129999999999997,0.0,0.0,0.0,0.0,0.0
A26T-I94L,2019-08-14,TMP,0.4199,0.46149999999999997,0.41309999999999997,0.4751000000000001,0.47909999999999997,0.48910000000000003,0.3284,0.2036,0.0015999999999999973,0.005400000000000002,0.0032000000000000015,0.0
A26T-I94L,2019-08-21,4'-DTMP,0.7586999999999999,0.7700999999999999,0.48819999999999997,0.4397,0.5464,0.5181,0.5255000000000001,0.3756,0.0,0.0013999999999999985,0.0022000000000000075,0.0
A26T-I94L,2019-08-21,TMP,0.3611,0.34149999999999997,0.4826,0.467,0.5358999999999999,0.4202,0.567,0.3885,0.5166000000000001,0.0015000000000000013,0.0,0.0
A26T-I94L,2019-09-04,4'-DTMP,0.48029999999999995,0.46159999999999995,0.4997,0.49629999999999996,0.5368,0.42819999999999997,0.41469999999999996,0.001800000000000003,0.0005000000000000004,0.002599999999999998,0.0,0.0794
A26T-I94L,2019-09-04,TMP,0.5266000000000001,0.4844,0.6084999999999999,0.5793,0.5107,0.5307999999999999,0.3576,0.3859,0.0,0.0005999999999999964,0.0,0.0392
A26T-L28R,2019-08-14,4'-DTMP,0.42579999999999996,0.48429999999999995,0.4047,0.47200000000000003,0.4333,0.48550000000000004,0.4824,0.46959999999999996,0.3896,0.0006999999999999992,0.0007999999999999952,0.0
A26T-L28R,2019-08-14,TMP,0.45899999999999996,0.5238,0.5759,0.5398000000000001,0.5469999999999999,0.5516000000000001,0.5776,0.5732,0.5648000000000001,0.593,0.4032,0.1528
A26T-L28R,2019-08-21,4'-DTMP,0.46780000000000005,0.3675,0.3849,0.40259999999999996,0.3709,0.46890000000000004,0.42969999999999997,0.5026,0.08299999999999999,0.0023999999999999994,0.001700000000000007,0.0
A26T-L28R,2019-08-21,TMP,0.432,0.3769,0.29800000000000004,0.3852,0.367,0.35500000000000004,0.3721,0.447,0.47159999999999996,0.4547,0.3192,0.159
A26T-L28R,2019-09-04,4'-DTMP,0.2502,0.23959999999999998,0.24169999999999997,0.2782,0.2963,0.3607,0.347,0.40509999999999996,0.3559,0.002700000000000001,0.0002999999999999947,0.034400000000000014
A26T-L28R,2019-09-04,TMP,0.42369999999999997,0.4123,0.48829999999999996,0.3564,0.38,0.3492,0.3442,0.426,0.49970000000000003,0.3922,0.3237,0.2742
A26T-L28R-I94L,2019-08-14,4'-DTMP,0.4786,0.3602,0.37120000000000003,0.4034,0.49629999999999996,0.5264,0.49979999999999997,0.45449999999999996,0.2923,0.07500000000000001,0.0007999999999999952,0.0
A26T-L28R-I94L,2019-08-14,TMP,0.44570000000000004,0.4224,0.5529999999999999,0.41859999999999997,0.538,0.5098,0.5813999999999999,0.677,0.7054,0.6985,0.332,0.3292
A26T-L28R-I94L,2019-08-21,4'-DTMP,0.4155,0.3128,0.42400000000000004,0.4149,0.39790000000000003,0.48410000000000003,0.4542,0.4367,0.3677,0.0658,0.0021000000000000046,0.0
A26T-L28R-I94L,2019-08-21,TMP,0.4098,0.3241,0.3189,0.3817,0.3891,0.43620000000000003,0.46219999999999994,0.5733,0.6030000000000001,0.5412,0.46359999999999996,0.33809999999999996
A26T-L28R-I94L,2019-09-04,4'-DTMP,0.2316,0.2319,0.27599999999999997,0.3184,0.3337,0.3848,0.4333,0.44339999999999996,0.2293,0.1711,0.0,0.0794
A26T-L28R-I94L,2019-09-04,TMP,0.3931,0.3671,0.47219999999999995,0.4386,0.4082,0.4001,0.45659999999999995,0.4689,0.4595,0.3898,0.2871,0.2076
A26T-L28R-W30G,2019-08-14,4'-DTMP,0.4038,0.42210000000000003,0.3449,0.37279999999999996,0.39799999999999996,0.3984,0.36629999999999996,0.431,0.3572,0.17930000000000001,0.0007000000000000062,0.0
A26T-L28R-W30G,2019-08-14,TMP,0.4769,0.5452,0.5866,0.48160000000000003,0.4467,0.4771,0.4723,0.49060000000000004,0.519,0.5435,0.3064,0.1935
A26T-L28R-W30G,2019-08-21,4'-DTMP,0.4964,0.3216,0.44830000000000003,0.40199999999999997,0.467,0.41750000000000004,0.5926,0.4482,0.4294,0.20129999999999998,0.0016000000000000042,0.0
A26T-L28R-W30G,2019-08-21,TMP,0.3686,0.3126,0.3597,0.4138,0.36360000000000003,0.4293,0.39089999999999997,0.4355,0.4449,0.47919999999999996,0.4047,0.22070000000000004
A26T-L28R-W30G,2019-09-04,4'-DTMP,0.22980000000000003,0.2587,0.24609999999999999,0.2808,0.3186,0.3916,0.3163,0.3967,0.3377,0.1525,0.015399999999999997,0.0542
A26T-L28R-W30G,2019-09-04,TMP,0.36519999999999997,0.3289,0.3395,0.37829999999999997,0.3207,0.3284,0.2933,0.4256,0.496,0.4534,0.3715,0.19879999999999998
A26T-L28R-W30G-I94L,2019-08-14,4'-DTMP,0.41219999999999996,0.276,0.2963,0.2774,0.0578,0.003799999999999998,0.0,0.003499999999999996,0.0023999999999999994,0.001999999999999995,0.005299999999999999,0.0
A26T-L28R-W30G-I94L,2019-08-14,TMP,0.5063,0.47259999999999996,0.4838,0.3942,0.6875,0.5422,0.0784,0.0015999999999999973,0.0,0.0013999999999999985,0.0,0.0
A26T-L28R-W30G-I94L,2019-08-21,4'-DTMP,0.4081,0.3395,0.4282,0.3207,0.46260000000000007,0.0016000000000000042,0.0,0.00010000000000000286,0.0,0.0033999999999999933,0.005100000000000007,0.0
A26T-L28R-W30G-I94L,2019-08-21,TMP,0.3162,0.3488,0.37820000000000004,0.3812,0.375,0.3584,0.45139999999999997,0.001899999999999999,0.0,0.0005000000000000004,0.0,0.0
A26T-L28R-W30G-I94L,2019-09-04,4'-DTMP,0.257,0.2637,0.2218,0.3419,0.3108,0.0008000000000000021,0.0,0.0015000000000000013,0.0,0.002700000000000001,0.0002999999999999947,0.061200000000000004
A26T-L28R-W30G-I94L,2019-09-04,TMP,0.30419999999999997,0.2957,0.3195,0.45489999999999997,0.2583,0.5628,0.0,0.0003999999999999976,0.0,0.0,0.0,0.008300000000000002
A26T-L28R-W30R,2019-08-14,4'-DTMP,0.445,0.36970000000000003,0.3688,0.3707,0.029000000000000005,0.0,0.0,0.0,0.0,0.0019000000000000059,0.0,0.0
A26T-L28R-W30R,2019-08-14,TMP,0.4474,0.44039999999999996,0.5304,0.41600000000000004,0.0,0.3301,0.1462,0.0010999999999999968,0.0,0.0008000000000000021,0.0,0.0909
A26T-L28R-W30R,2019-08-21,4'-DTMP,0.4374,0.3051,0.4344,0.46469999999999995,0.0,0.0015000000000000013,0.0,0.000900000000000005,0.0,0.002700000000000001,0.0023999999999999994,0.0
A26T-L28R-W30R,2019-08-21,TMP,0.4619,0.3044,0.3526,0.3609,0.42010000000000003,0.39890000000000003,0.0,0.0005000000000000004,0.0,0.0005000000000000004,0.0,0.0
A26T-L28R-W30R,2019-09-04,4'-DTMP,0.2407,0.24359999999999998,0.253,0.3696,0.0,0.001800000000000003,0.0,0.0014000000000000054,0.0,0.0030999999999999986,0.0016000000000000042,0.0774
A26T-L28R-W30R,2019-09-04,TMP,0.3893,0.3928,0.3557,0.46719999999999995,0.0,0.0077000000000000055,0.030199999999999998,0.0,0.0,0.0001999999999999988,0.000899999999999998,0.2202
A26T-L28R-W30R-I94L,2019-08-14,4'-DTMP,0.38949999999999996,0.3041,0.3122,0.006999999999999999,0.0,0.0,0.0,0.0,0.0,0.0010000000000000009,0.0,0.0
A26T-L28R-W30R-I94L,2019-08-14,TMP,0.5194,0.4804,0.5289,0.34140000000000004,0.0,0.0011000000000000038,0.0,0.000899999999999998,0.0,0.0006000000000000033,0.0,0.0
A26T-L28R-W30R-I94L,2019-08-21,4'-DTMP,0.45880000000000004,0.3069,0.46619999999999995,0.4604,0.0,0.0014000000000000054,0.0,0.0011000000000000038,0.0,0.0029999999999999957,0.005699999999999997,0.0
A26T-L28R-W30R-I94L,2019-08-21,TMP,0.4154,0.3181,0.33490000000000003,0.3297,0.5529,0.00020000000000000573,0.0,0.0010000000000000009,0.0,0.0005000000000000004,0.0,0.0
A26T-L28R-W30R-I94L,2019-09-04,4'-DTMP,0.225,0.24359999999999998,0.2613,0.5101,0.0,0.0013000000000000025,0.0,0.0016000000000000042,0.00020000000000000573,0.0030999999999999986,0.00019999999999999185,0.06989999999999999
A26T-L28R-W30R-I94L,2019-09-04,TMP,0.27749999999999997,0.3165,0.29879999999999995,0.4456,0.0,0.0,0.0,0.0005000000000000004,0.0,0.0,0.0,0.0050000000000000044
A26T-W30G,2019-08-14,4'-DTMP,0.5503,0.6272,0.4375,0.5383,0.4271,0.3964,0.47879999999999995,0.4132,0.0,0.0015999999999999973,0.004199999999999995,0.029600000000000015
A26T-W30G,2019-08-14,TMP,0.6826,0.6639,0.5249,0.3658,0.4817,0.6319,0.5398999999999999,0.5201,0.6118,0.0030999999999999986,0.0,0.0
A26T-W30G,2019-08-21,4'-DTMP,0.6063999999999999,0.3598,0.38,0.385,0.4264,0.39080000000000004,0.522,0.6764,0.0,0.002700000000000001,0.0032999999999999974,0.0
A26T-W30G,2019-08-21,TMP,0.3591,0.3746,0.3866,0.3304,0.3106,0.3657,0.4053,0.5123000000000001,0.6559,0.6204,0.0,0.0
A26T-W30G,2019-09-04,4'-DTMP,0.2587,0.28859999999999997,0.3038,0.27090000000000003,0.2653,0.3182,0.29610000000000003,0.4034,0.0,0.003799999999999998,0.0,0.055800000000000016
A26T-W30G,2019-09-04,TMP,0.37329999999999997,0.3347,0.44530000000000003,0.5098,0.3255,0.2868,0.3882,0.4399,0.5803,0.0,0.0,0.011000000000000003
A26T-W30R,2019-08-14,4'-DTMP,0.5962,0.4859,0.404,0.5378000000000001,0.503,0.5323,0.5482,0.333,0.0023999999999999994,0.005300000000000006,0.004199999999999995,0.0
A26T-W30R,2019-08-14,TMP,0.6538,0.5944,0.5214,0.4645,0.4471,0.8509000000000001,0.6608999999999999,0.5244,0.5886,0.0023999999999999994,0.0,0.0
A26T-W30R,2019-08-21,4'-DTMP,0.7947,0.5346,0.44889999999999997,0.4095,0.4537,0.4782,0.6518,0.5259,0.0,0.003999999999999997,0.0022999999999999965,0.0
A26T-W30R,2019-08-21,TMP,0.44179999999999997,0.37579999999999997,0.3683,0.423,0.49729999999999996,0.5599999999999999,0.5092,0.47969999999999996,0.0001999999999999988,0.0020999999999999977,0.0,0.0
A26T-W30R,2019-09-04,4'-DTMP,0.29929999999999995,0.3307,0.763,0.7418,0.2819,0.664,0.39070000000000005,0.6842,0.0,0.005599999999999994,0.002599999999999991,0.033299999999999996
A26T-W30R,2019-09-04,TMP,0.417,0.4033,0.5492,0.77,0.7897000000000001,0.6778,0.748,0.4258,0.0,0.0,0.0,0.0126
A26T-W30R-I94L,2019-08-14,4'-DTMP,0.6173,0.5825,0.5381999999999999,0.6228,0.5637,0.4829,0.4014,0.5529,0.0,0.0014999999999999944,0.0,0.0
A26T-W30R-I94L,2019-08-14,TMP,0.618,0.6514000000000001,0.6711,0.5365,0.6344,0.7909,0.42010000000000003,0.6448,0.5489,0.6531,0.0,0.0
A26T-W30R-I94L,2019-08-21,4'-DTMP,0.6268999999999999,0.4653,0.38849999999999996,0.37889999999999996,0.3456,0.337,0.37939999999999996,0.5133000000000001,0.5447,0.12539999999999998,0.0030000000000000027,0.0
A26T-W30R-I94L,2019-08-21,TMP,0.4234,0.4042,0.3905,0.3237,0.3579,0.3986,0.33899999999999997,0.48389999999999994,0.6036,0.5183,0.0,0.15430000000000002
A26T-W30R-I94L,2019-09-04,4'-DTMP,0.2627,0.3227,0.3176,0.2663,0.2635,0.3668,0.3701,0.40349999999999997,0.5438,0.0029999999999999957,0.0003999999999999976,0.05050000000000002
A26T-W30R-I94L,2019-09-04,TMP,0.3398,0.3254,0.4413,0.48560000000000003,0.32730000000000004,0.3139,0.3968,0.4204,0.5091,0.4762,0.4908,0.0121
I94L,2019-08-14,4'-DTMP,0.6434,0.3058,0.2924,0.3001,0.3477,0.4324,0.4265,0.000899999999999998,0.000999999999999994,0.0013000000000000025,0.010499999999999995,0.0
I94L,2019-08-14,TMP,0.43460000000000004,0.48699999999999993,0.586,0.2679,0.3324,0.6202000000000001,0.2444,0.1106,0.0,0.002700000000000001,0.0,0.0
I94L,2019-08-21,4'-DTMP,0.74,0.7878,0.5677,0.2726,0.5006999999999999,0.6287999999999999,0.00010000000000000286,0.0015000000000000013,0.0005999999999999964,0.0038999999999999937,0.0,0.0
I94L,2019-08-21,TMP,0.3509,0.425,0.37020000000000003,0.4712,0.40700000000000003,0.35750000000000004,0.52,0.0030000000000000027,0.00030000000000000165,0.0025000000000000022,0.0005000000000000004,0.0
I94L,2019-09-04,4'-DTMP,0.32789999999999997,0.322,0.5402,0.3005,0.29710000000000003,0.3397,0.5126,0.0038000000000000048,0.0010000000000000009,0.0058,0.0,0.07719999999999999
I94L,2019-09-04,TMP,0.48700000000000004,0.46149999999999997,0.4605,0.4435,0.47540000000000004,0.37410000000000004,0.5283,0.5732,0.0,0.0010000000000000009,0.0,0.030300000000000007
L28R,2019-08-14,4'-DTMP,0.5311,0.3392,0.3448,0.44389999999999996,0.4001,0.4286,0.455,0.0,0.0,0.0010000000000000009,0.0021000000000000046,0.023900000000000032
L28R,2019-08-14,TMP,0.6804,0.49279999999999996,0.5728,0.33730000000000004,0.4717,0.5149,0.5144,0.5947,0.0,0.0013999999999999985,0.0,0.0
L28R,2019-08-21,4'-DTMP,0.6972999999999999,0.376,0.5510999999999999,0.6384000000000001,0.5425,0.000900000000000005,0.0,0.00030000000000000165,0.000899999999999998,0.0032000000000000015,0.0023999999999999994,0.0
L28R,2019-08-21,TMP,0.3983,0.48069999999999996,0.4048,0.4755,0.472,0.45580000000000004,0.4122,0.0010000000000000009,0.5429,0.0011999999999999997,0.0,0.0
L28R,2019-09-04,4'-DTMP,0.26239999999999997,0.2839,0.2822,0.3335,0.4029,0.4523,0.6389,0.06609999999999999,0.0,0.003799999999999998,0.0,0.11100000000000002
L28R,2019-09-04,TMP,0.3698,0.45849999999999996,0.4051,0.4667,0.385,0.46570000000000006,0.4184,0.4302,0.23679999999999998,0.0,0.0,0.04540000000000001
L28R-I94L,2019-08-14,4'-DTMP,0.4376,0.4133,0.3824,0.3709,0.4158,0.4701000000000001,0.44329999999999997,0.3613,0.0,0.00030000000000000165,0.0,0.0
L28R-I94L,2019-08-14,TMP,0.4544,0.5096,0.6722,0.4647,0.6168,0.6355000000000001,0.5748,0.5856,0.43479999999999996,0.33930000000000005,0.0,0.0
L28R-I94L,2019-08-21,4'-DTMP,0.6181,0.3948,0.5500999999999999,0.5739000000000001,0.3524,0.5866,0.45549999999999996,0.5327000000000001,0.0,0.000899999999999998,0.0,0.0
L28R-I94L,2019-08-21,TMP,0.3739,0.3802,0.3421,0.3463,0.32130000000000003,0.3588,0.3766,0.45969999999999994,0.5892000000000001,0.4397,0.0,0.0
L28R-I94L,2019-09-04,4'-DTMP,0.2437,0.2789,0.3361,0.3516,0.3147,0.3595,0.37529999999999997,0.38389999999999996,0.0,0.001999999999999995,0.0003999999999999976,0.08150000000000002
L28R-I94L,2019-09-04,TMP,0.2929,0.3507,0.4244,0.4193,0.4095,0.4932,0.39849999999999997,0.4523,0.4617,0.3098,0.0002999999999999947,0.039400000000000004
L28R-W30G,2019-08-14,4'-DTMP,0.4311,0.4619,0.341,0.35069999999999996,0.4452,0.46710000000000007,0.41059999999999997,0.3986,0.0003999999999999976,0.0038000000000000048,0.002600000000000005,0.0
L28R-W30G,2019-08-14,TMP,0.5113,0.5469,0.6574,0.5362,0.48629999999999995,0.5259,0.504,0.5246000000000001,0.5534,0.4134,0.4327,0.16210000000000002
L28R-W30G,2019-08-21,4'-DTMP,0.5275,0.34900000000000003,0.6537,0.6777000000000001,0.43720000000000003,0.6481,0.53,0.6571,0.0,0.002799999999999997,0.002600000000000005,0.0
L28R-W30G,2019-08-21,TMP,0.2002,0.4353,0.3493,0.3347,0.3791,0.43010000000000004,0.3174,0.5052000000000001,0.5625,0.37649999999999995,0.41509999999999997,0.2114
L28R-W30G,2019-09-04,4'-DTMP,0.2778,0.3118,0.36519999999999997,0.3659,0.3533,0.3925,0.4184,0.5065000000000001,0.0,0.005599999999999994,0.0,0.0605
L28R-W30G,2019-09-04,TMP,0.3746,0.3951,0.49749999999999994,0.3765,0.38739999999999997,0.4121,0.3756,0.52,0.5166000000000001,0.5116999999999999,0.2938,0.1718
L28R-W30G-I94L,2019-08-14,4'-DTMP,0.4485,0.2998,0.2827,0.3917,0.0,0.0013000000000000025,0.0,0.002699999999999994,0.0003999999999999976,0.0023000000000000034,0.000899999999999998,0.0267
L28R-W30G-I94L,2019-08-14,TMP,0.4897,0.5548000000000001,0.5778,0.2522,0.5746,0.0030999999999999986,0.0011000000000000038,0.0017000000000000001,0.0,0.0013999999999999985,0.0,0.0
L28R-W30G-I94L,2019-08-21,4'-DTMP,0.4461,0.3462,0.5297,0.6556000000000001,0.0,0.0012000000000000066,0.0,0.0010000000000000009,0.0006999999999999992,0.0022000000000000006,0.0007000000000000062,0.0
L28R-W30G-I94L,2019-08-21,TMP,0.17149999999999999,0.4108,0.4037,0.33390000000000003,0.28380000000000005,0.0008000000000000021,0.0,0.001800000000000003,0.0008000000000000021,0.000899999999999998,0.0,0.0
L28R-W30G-I94L,2019-09-04,4'-DTMP,0.27259999999999995,0.3277,0.3307,0.37520000000000003,0.0,0.0015000000000000013,0.0,0.0033000000000000043,0.0,0.0059000000000000025,0.0,0.09570000000000001
L28R-W30G-I94L,2019-09-04,TMP,0.3821,0.37520000000000003,0.4898,0.4491,0.6804,0.0011999999999999997,0.0005000000000000004,0.0001999999999999988,0.0,0.0,0.0,0.0324
L28R-W30R,2019-08-14,4'-DTMP,0.41919999999999996,0.4282,0.3533,0.37229999999999996,0.4097,0.4302,0.3931,0.4273,0.0,0.0015999999999999973,0.0,0.0
L28R-W30R,2019-08-14,TMP,0.44120000000000004,0.5147,0.6299,0.4953000000000001,0.5084,0.49699999999999994,0.5062,0.48450000000000004,0.5004000000000001,0.43300000000000005,0.3578,0.11259999999999999
L28R-W30R,2019-08-21,4'-DTMP,0.5908,0.33290000000000003,0.641,0.6531,0.5932999999999999,0.41400000000000003,0.5556,0.0005000000000000004,0.0013000000000000025,0.0013999999999999985,0.0,0.0
L28R-W30R,2019-08-21,TMP,0.3114,0.4813,0.36110000000000003,0.5500999999999999,0.5284,0.5112,0.3332,0.532,0.6011000000000001,0.4727,0.0,0.27880000000000005
L28R-W30R,2019-09-04,4'-DTMP,0.2586,0.2813,0.3409,0.3791,0.4326,0.4306,0.4678,0.46759999999999996,0.0,0.004199999999999995,0.0,0.03290000000000001
L28R-W30R,2019-09-04,TMP,0.35359999999999997,0.4472,0.4094,0.40859999999999996,0.4907,0.4363,0.3812,0.4531,0.43579999999999997,0.6644,0.4467,0.2289
P21L,2019-08-14,4'-DTMP,0.4748,0.476,0.4408,0.4592,0.4647,0.1758,0.23700000000000002,0.0010999999999999968,0.0002999999999999947,0.0015999999999999973,0.0022999999999999965,0.0
P21L,2019-08-14,TMP,0.4184,0.4007,0.5425,0.5322,0.47929999999999995,0.4066,0.2887,0.4325,0.0,0.00030000000000000165,0.0,0.0
P21L,2019-08-21,4'-DTMP,0.23520000000000002,0.3805,0.3889,0.4058,0.4137,0.4894,0.4794,0.0,0.0,0.0020000000000000018,0.003500000000000003,0.0
P21L,2019-08-21,TMP,0.1716,0.5518000000000001,0.5517,0.31980000000000003,0.5579,0.5277999999999999,0.3347,0.5271,0.0,0.0,0.0,0.0
P21L,2019-09-04,4'-DTMP,0.3767,0.4507,0.33549999999999996,0.49929999999999997,0.4668,0.5136,0.39769999999999994,0.0017000000000000001,0.0,0.0029999999999999957,0.0,0.06559999999999999
P21L,2019-09-04,TMP,0.4417,0.3982,0.43400000000000005,0.46199999999999997,0.3991,0.598,0.4183,0.4877,0.0,0.0,0.0,0.0223
P21L-A26T,2019-08-14,4'-DTMP,0.48229999999999995,0.2648,0.2495,0.2754,0.2394,0.35929999999999995,0.2456,0.22660000000000002,0.0007999999999999952,0.0024999999999999953,0.0,0.04570000000000002
P21L-A26T,2019-08-14,TMP,0.38130000000000003,0.38029999999999997,0.5136999999999999,0.2492,0.26249999999999996,0.4397,0.4622,0.38930000000000003,0.3429,0.00010000000000000286,0.0,9.999999999998899e-05
P21L-A26T,2019-08-21,4'-DTMP,0.21439999999999998,0.3931,0.3768,0.3477,0.4702,0.47080000000000005,0.5159,0.0006000000000000033,0.0,0.0023999999999999994,0.0,0.0
P21L-A26T,2019-08-21,TMP,0.29769999999999996,0.5381,0.5368999999999999,0.4351,0.6272,0.6192,0.498,0.7128000000000001,0.5904,0.00030000000000000165,0.0,0.0232
P21L-A26T,2019-09-04,4'-DTMP,0.488,0.4814,0.3127,0.3059,0.2783,0.442,0.4597,0.2893,0.0,0.0010999999999999968,0.0,0.0
P21L-A26T,2019-09-04,TMP,0.3896,0.4092,0.396,0.39749999999999996,0.25039999999999996,0.4419,0.3574,0.48529999999999995,0.46130000000000004,9.999999999999593e-05,0.0,0.02650000000000001
P21L-A26T-I94L,2019-08-14,4'-DTMP,0.3706,0.2884,0.2996,0.5227,0.5088,0.5997,0.3398,0.0006999999999999992,0.001799999999999996,0.0,0.0,0.0
P21L-A26T-I94L,2019-08-14,TMP,0.5429,0.5531,0.5882,0.2925,0.511,0.422,0.5475,0.5529000000000001,0.4507,0.0022000000000000006,0.0005999999999999964,0.0
P21L-A26T-I94L,2019-08-21,4'-DTMP,0.5841999999999999,0.4504,0.4966999999999999,0.29259999999999997,0.49800000000000005,0.5464,0.48179999999999995,0.0019000000000000059,0.0,0.004700000000000003,0.0,0.0
P21L-A26T-I94L,2019-08-21,TMP,0.46940000000000004,0.46759999999999996,0.5203,0.4401,0.5923999999999999,0.5699,0.608,0.5638000000000001,0.017999999999999995,0.0015000000000000013,0.0,0.0
P21L-A26T-I94L,2019-09-04,4'-DTMP,0.33949999999999997,0.3343,0.4211,0.3796,0.5183,0.47750000000000004,0.5197999999999999,0.0006000000000000033,0.0007000000000000062,0.002799999999999997,0.0016999999999999932,0.04239999999999999
P21L-A26T-I94L,2019-09-04,TMP,0.4836,0.4476,0.5074,0.4498,0.5996,0.5995999999999999,0.5536000000000001,0.5991,0.48930000000000007,0.0,0.0,0.0
P21L-A26T-L28R,2019-08-14,4'-DTMP,0.5125,0.5048,0.4493,0.42919999999999997,0.4498,0.5862,0.5479,0.47800000000000004,0.0001999999999999988,0.0014000000000000054,0.007599999999999996,0.0
P21L-A26T-L28R,2019-08-14,TMP,0.5038,0.5946,0.6237,0.7125,0.445,0.5416000000000001,0.7038,0.6305000000000001,0.5766,0.4972,0.4721,0.12840000000000001
P21L-A26T-L28R,2019-08-21,4'-DTMP,0.5119999999999999,0.4508,0.45799999999999996,0.4956,0.49400000000000005,0.5447,0.0,0.0,0.0,0.0030999999999999986,0.003600000000000006,0.0
P21L-A26T-L28R,2019-08-21,TMP,0.4235,0.3298,0.35910000000000003,0.4098,0.39,0.4204,0.5674,0.5005000000000001,0.5509000000000001,0.47219999999999995,0.4536,0.09990000000000002
P21L-A26T-L28R,2019-09-04,4'-DTMP,0.2899,0.2495,0.2807,0.3306,0.3551,0.4655,0.5318999999999999,0.5164000000000001,0.00020000000000000573,0.002599999999999998,0.002599999999999991,0.0305
P21L-A26T-L28R,2019-09-04,TMP,0.45580000000000004,0.387,0.4196,0.49229999999999996,0.4485,0.48190000000000005,0.5641,0.4193,0.5808,0.5287,0.4679,0.2141
P21L-A26T-L28R-I94L,2019-08-14,4'-DTMP,0.4198,0.369,0.3112,0.5754,0.0,0.0,0.0,0.0,0.0,0.0006999999999999992,0.003699999999999995,0.0
P21L-A26T-L28R-I94L,2019-08-14,TMP,0.439,0.5089,0.5648,0.36050000000000004,0.0,0.0,0.0,0.0,0.0,0.0,0.0,0.0
P21L-A26T-L28R-I94L,2019-08-21,4'-DTMP,0.5728,0.4539,0.4748,0.6323000000000001,0.0,0.0,0.0,0.00010000000000000286,0.0,0.0030999999999999986,0.0006000000000000033,0.0
P21L-A26T-L28R-I94L,2019-08-21,TMP,0.3266,0.27949999999999997,0.3377,0.37070000000000003,0.0,0.0,0.0,0.000900000000000005,0.0,0.00030000000000000165,0.0,0.0
P21L-A26T-L28R-I94L,2019-09-04,4'-DTMP,0.2938,0.2512,0.2823,0.3141,0.0,0.0,0.0,0.0,0.0,0.0010000000000000009,0.0006000000000000033,0.028700000000000003
P21L-A26T-L28R-I94L,2019-09-04,TMP,0.4036,0.3684,0.43300000000000005,0.39249999999999996,0.0,0.0,0.0,0.0,0.0,0.0,0.0,0.0374
P21L-A26T-L28R-W30G,2019-08-14,4'-DTMP,0.4447,0.31220000000000003,0.2705,0.546,0.0,0.0,0.0,0.0,0.0,0.0003999999999999976,0.0031000000000000055,0.0
P21L-A26T-L28R-W30G,2019-08-14,TMP,0.47250000000000003,0.4731,0.5119,0.33919999999999995,0.1587,0.0,0.0,0.0,0.0,0.0,0.0,0.0
P21L-A26T-L28R-W30G,2019-08-21,4'-DTMP,0.46749999999999997,0.33640000000000003,0.38049999999999995,0.4913,0.004200000000000002,0.002700000000000001,0.0,0.0015000000000000013,0.0,0.002599999999999998,0.00020000000000000573,0.0
P21L-A26T-L28R-W30G,2019-08-21,TMP,0.4199,0.2915,0.2697,0.33690000000000003,0.5448999999999999,0.0008000000000000021,0.0,0.0023000000000000034,0.0,0.0015999999999999973,0.0006000000000000033,0.20220000000000002
P21L-A26T-L28R-W30G,2019-09-04,4'-DTMP,0.24710000000000001,0.2314,0.263,0.3252,0.0,0.0,0.0,0.0,0.0,0.0015999999999999973,0.0015000000000000013,0.018000000000000016
P21L-A26T-L28R-W30G,2019-09-04,TMP,0.3529,0.3699,0.36760000000000004,0.3604,0.0,0.00030000000000000165,0.0,0.0005000000000000004,0.0,0.0,0.0,0.008700000000000006
P21L-A26T-L28R-W30G-I94L,2019-08-14,4'-DTMP,0.46109999999999995,0.341,0.2824,0.004899999999999995,0.0,0.0,0.0,0.0,0.0004999999999999935,0.0010000000000000009,0.0,0.0
P21L-A26T-L28R-W30G-I94L,2019-08-14,TMP,0.49560000000000004,0.46979999999999994,0.5544,0.33499999999999996,0.0,0.0,0.0,0.0,0.0,0.0,0.0,0.0
P21L-A26T-L28R-W30G-I94L,2019-08-21,4'-DTMP,0.4313,0.3322,0.3982,0.3323,0.0040999999999999995,0.003500000000000003,0.0,0.0017000000000000001,0.0,0.002700000000000001,0.0,0.0
P21L-A26T-L28R-W30G-I94L,2019-08-21,TMP,0.48950000000000005,0.3517,0.29600000000000004,0.3235,0.4895999999999999,0.0013000000000000025,0.0,0.0022000000000000006,0.0001999999999999988,0.0020999999999999977,0.0008000000000000021,0.0
P21L-A26T-L28R-W30G-I94L,2019-09-04,4'-DTMP,0.2578,0.26589999999999997,0.2569,0.2595,0.0,0.0,0.0,0.0005000000000000004,0.0,0.0024999999999999953,0.0022999999999999965,0.028200000000000003
P21L-A26T-L28R-W30G-I94L,2019-09-04,TMP,0.3075,0.34950000000000003,0.35,0.3223,0.0,0.0004000000000000045,0.0,0.0003999999999999976,0.0,0.0001999999999999988,0.0,0.0296
P21L-A26T-L28R-W30R,2019-08-14,4'-DTMP,0.4471,0.3502,0.3013,0.5718000000000001,0.0022000000000000006,0.0,0.0,0.0,9.999999999999593e-05,0.00030000000000000165,0.010900000000000007,0.0
P21L-A26T-L28R-W30R,2019-08-14,TMP,0.5015000000000001,0.4955,0.5384,0.3901,0.7504,0.0,0.0,0.0,0.0,0.00010000000000000286,0.0,0.3628
P21L-A26T-L28R-W30R,2019-08-21,4'-DTMP,0.38330000000000003,0.3531,0.43700000000000006,0.3878,0.0,0.0013000000000000025,0.0,0.0004000000000000045,0.0,0.002799999999999997,0.0015000000000000013,0.0
P21L-A26T-L28R-W30R,2019-08-21,TMP,0.3972,0.2616,0.3322,0.3896,0.38759999999999994,0.5327999999999999,0.0,0.0011000000000000038,0.0,0.0010000000000000009,0.0,0.30400000000000005
P21L-A26T-L28R-W30R,2019-09-04,4'-DTMP,0.27149999999999996,0.24419999999999997,0.3766,0.3693,0.0,0.0,0.0,0.0,0.0,0.0014999999999999944,0.0005000000000000004,0.03259999999999999
P21L-A26T-L28R-W30R,2019-09-04,TMP,0.45,0.3879,0.4044,0.3826,0.5502,0.0,0.0,0.0008000000000000021,0.0,0.0,0.0,0.2025
P21L-A26T-L28R-W30R-I94L,2019-08-14,4'-DTMP,0.4271,0.3928,0.3313,0.4391,0.0,0.0,0.0,0.0,0.0003999999999999976,0.0022000000000000006,0.005100000000000007,0.0
P21L-A26T-L28R-W30R-I94L,2019-08-14,TMP,0.48960000000000004,0.5243,0.5793,0.39859999999999995,0.3827,0.00010000000000000286,0.0,0.0,0.0,0.0005000000000000004,0.0,0.0
P21L-A26T-L28R-W30R-I94L,2019-08-21,4'-DTMP,0.4136,0.3162,0.45829999999999993,0.3822,0.5636,0.001800000000000003,0.0,0.0013000000000000025,0.0,0.003499999999999996,0.0012999999999999956,0.0
P21L-A26T-L28R-W30R-I94L,2019-08-21,TMP,0.4188,0.2793,0.32270000000000004,0.389,0.3539,0.000900000000000005,0.0,0.0014000000000000054,0.0,0.0017000000000000001,0.0,0.0
P21L-A26T-L28R-W30R-I94L,2019-09-04,4'-DTMP,0.2331,0.21189999999999998,0.2739,0.3399,0.0,0.00010000000000000286,0.0,0.0005000000000000004,0.0,0.0022000000000000006,0.0020999999999999908,0.02099999999999999
P21L-A26T-L28R-W30R-I94L,2019-09-04,TMP,0.3225,0.3435,0.34030000000000005,0.4417,0.040400000000000005,0.0010000000000000009,0.0,0.0010000000000000009,0.0,9.999999999999593e-05,0.0,0.0
P21L-A26T-W30G-I94L,2019-08-14,4'-DTMP,0.4616,0.47630000000000006,0.2945,0.028799999999999992,0.0,0.0,0.0,0.0,0.0,0.0,0.00020000000000000573,0.0
P21L-A26T-W30G-I94L,2019-08-14,TMP,0.5201,0.5798000000000001,0.5404,0.3619,0.0,0.0,0.6726,0.7562,0.5503,0.0001999999999999988,0.0,0.0
P21L-A26T-W30G-I94L,2019-08-21,4'-DTMP,0.5088999999999999,0.5199999999999999,0.45899999999999996,0.5993,0.0,0.0006000000000000033,0.0,0.0,0.0,0.003599999999999999,0.00020000000000000573,0.0
P21L-A26T-W30G-I94L,2019-08-21,TMP,0.351,0.3537,0.3191,0.3665,0.40790000000000004,0.0,0.0,0.0014000000000000054,0.0,0.0006000000000000033,0.0,0.0
P21L-A26T-W30G-I94L,2019-09-04,4'-DTMP,0.2956,0.2717,0.2898,0.2982,0.0,0.0,0.0,0.0,0.00010000000000000286,0.0017000000000000001,0.0,0.0446
P21L-A26T-W30G-I94L,2019-09-04,TMP,0.4453,0.4173,0.4404,0.5495,0.0,0.0,0.0,0.00030000000000000165,0.0,0.0,0.0,0.04730000000000001
P21L-A26T-W30R,2019-08-14,4'-DTMP,0.4879,0.3912,0.3803,0.5860000000000001,0.48239999999999994,0.4656,0.2888,0.3373,0.0,0.0,0.007599999999999996,0.0
P21L-A26T-W30R,2019-08-14,TMP,0.4716,0.4511,0.5618,0.5467000000000001,0.5156999999999999,0.5329,0.4517,0.3452,0.1839,0.001899999999999999,0.0013999999999999985,0.0
P21L-A26T-W30R,2019-08-21,4'-DTMP,0.575,0.5813999999999999,0.5004,0.49299999999999994,0.46449999999999997,0.3538,0.3268,0.005700000000000004,0.0,0.0005000000000000004,0.0,0.0
P21L-A26T-W30R,2019-08-21,TMP,0.3695,0.4386,0.5242,0.5208999999999999,0.4981,0.4374,0.3896,0.3641,0.20199999999999999,0.0020999999999999977,0.0,0.0
P21L-A26T-W30R,2019-09-04,4'-DTMP,0.5267999999999999,0.48310000000000003,0.4865,0.5265,0.5011,0.3564,0.33740000000000003,0.4316,0.0,0.001999999999999995,0.0013999999999999985,0.01730000000000001
P21L-A26T-W30R,2019-09-04,TMP,0.3886,0.5141,0.585,0.5287999999999999,0.5731,0.5066999999999999,0.43689999999999996,0.38580000000000003,0.24889999999999998,0.00030000000000000165,0.0,0.0
P21L-A26T-W30R-I94L,2019-08-14,4'-DTMP,0.5597,0.4156,0.3338,0.0,0.0,0.0,0.0,0.0,0.0,0.0001999999999999988,0.004199999999999995,0.0
P21L-A26T-W30R-I94L,2019-08-14,TMP,0.5649000000000001,0.4865,0.5524,0.35840000000000005,0.0,0.0,0.0,0.0,0.0,0.0,0.0,0.0
P21L-A26T-W30R-I94L,2019-08-21,4'-DTMP,0.5344,0.4813,0.5031,0.3996,0.0,0.0008000000000000021,0.0,0.0004000000000000045,0.0,0.003700000000000002,0.0,0.0
P21L-A26T-W30R-I94L,2019-08-21,TMP,0.4528,0.4299,0.48500000000000004,0.4169,0.0025000000000000022,0.00030000000000000165,0.0,0.0013000000000000025,0.0,0.0005000000000000004,0.0,0.0
P21L-A26T-W30R-I94L,2019-09-04,4'-DTMP,0.41219999999999996,0.3874,0.4178,0.2841,0.0,0.0,0.0,0.00010000000000000286,0.0,0.001899999999999999,0.0022999999999999965,0.015300000000000008
P21L-A26T-W30R-I94L,2019-09-04,TMP,0.4321,0.464,0.5579,0.4064,0.4665,0.0,0.0,0.0,0.0,0.0,0.0,0.011500000000000003
P21L-I94L,2019-08-14,4'-DTMP,0.45299999999999996,0.5591,0.4833,0.6018,0.613,0.5531,0.36219999999999997,0.000899999999999998,0.0,0.0,0.0,0.0
P21L-I94L,2019-08-14,TMP,0.5195,0.5523,0.4931,0.5226000000000001,0.4925999999999999,0.5919000000000001,0.2329,0.4285,0.0007999999999999952,0.0034000000000000002,0.0008000000000000021,0.0
P21L-I94L,2019-08-21,4'-DTMP,0.7039,0.6066999999999999,0.4153,0.4073,0.4022,0.5005999999999999,0.4037,0.001800000000000003,0.0,0.0032000000000000015,0.0,0.0
P21L-I94L,2019-08-21,TMP,0.43479999999999996,0.48810000000000003,0.5467,0.5437,0.4794999999999999,0.5114,0.5836,0.3161,0.0001999999999999988,0.0015999999999999973,0.0,0.0
P21L-I94L,2019-09-04,4'-DTMP,0.5105,0.47369999999999995,0.4722,0.4405,0.4747,0.6198,0.3355,0.0006000000000000033,0.0,0.0020999999999999977,0.0005000000000000004,0.10670000000000002
P21L-I94L,2019-09-04,TMP,0.5151,0.48510000000000003,0.6605,0.6148,0.5003000000000001,0.5425,0.284,0.2937,0.0,0.0005000000000000004,0.0,0.028200000000000003
P21L-L28R,2019-08-14,4'-DTMP,0.433,0.4204,0.46080000000000004,0.3752,0.3482,0.43879999999999997,0.4183,0.0,0.0,0.0013000000000000025,0.0007000000000000062,0.0
P21L-L28R,2019-08-14,TMP,0.47440000000000004,0.5637000000000001,0.5962999999999999,0.4707,0.46309999999999996,0.429,0.4257,0.39080000000000004,0.3526,0.0,0.0,0.0
P21L-L28R,2019-08-21,4'-DTMP,0.4273,0.3806,0.44930000000000003,0.47989999999999994,0.384,0.4305,0.41169999999999995,0.0,0.0,0.0007999999999999952,0.00020000000000000573,0.0
P21L-L28R,2019-08-21,TMP,0.3534,0.3205,0.28140000000000004,0.4076,0.4724999999999999,0.49800000000000005,0.3713,0.4174,0.4187,0.31399999999999995,0.0,0.0
P21L-L28R,2019-09-04,4'-DTMP,0.23180000000000003,0.2379,0.29059999999999997,0.42010000000000003,0.3798,0.3831,0.3598,0.0,0.0,0.0006999999999999992,0.0,0.055499999999999994
P21L-L28R,2019-09-04,TMP,0.4933,0.4642,0.46329999999999993,0.4628,0.4708,0.4111,0.3172,0.3728,0.38380000000000003,0.0,0.0,0.009500000000000001
P21L-L28R-I94L,2019-08-14,4'-DTMP,0.4279,0.3489,0.3804,0.3979,0.0,0.0,0.0,0.0,0.0,0.000899999999999998,0.0,0.0
P21L-L28R-I94L,2019-08-14,TMP,0.5722,0.4487,0.5579,0.42010000000000003,0.3292,0.0,0.0,0.0,0.0,0.0,0.0,0.0
P21L-L28R-I94L,2019-08-21,4'-DTMP,0.3687,0.367,0.4154,0.38989999999999997,0.0,0.0,0.0,0.0,0.0,0.0020000000000000018,0.0,0.0
P21L-L28R-I94L,2019-08-21,TMP,0.33949999999999997,0.289,0.25970000000000004,0.37120000000000003,0.5498,0.0,0.0,0.0,0.0,0.0,0.0,0.0
P21L-L28R-I94L,2019-09-04,4'-DTMP,0.23550000000000001,0.2187,0.2804,0.2989,0.0,0.0,0.0,0.0,0.0,0.0007999999999999952,0.0,0.0305
P21L-L28R-I94L,2019-09-04,TMP,0.38839999999999997,0.4773,0.41759999999999997,0.46429999999999993,0.4343,0.00010000000000000286,0.0,0.0,0.0,0.0,0.0,0.0
P21L-L28R-W30G,2019-08-14,4'-DTMP,0.416,0.3036,0.3398,0.0005000000000000004,0.0,0.0,0.0,0.0,0.0,0.0010000000000000009,0.0003999999999999976,0.0
P21L-L28R-W30G,2019-08-14,TMP,0.5212,0.47859999999999997,0.53,0.3408,0.0,0.0,0.0,0.0,0.0,0.0,0.0,0.0
P21L-L28R-W30G,2019-08-21,4'-DTMP,0.4792,0.3225,0.4272,0.2746,0.0,0.000900000000000005,0.0,0.0,0.0,0.0013999999999999985,0.0,0.0
P21L-L28R-W30G,2019-08-21,TMP,0.4627,0.3088,0.266,0.3509,0.5896,0.0,0.0,0.0,0.0,0.0,0.0,0.0
P21L-L28R-W30G,2019-09-04,4'-DTMP,0.2477,0.25329999999999997,0.3105,0.5225,0.0,0.0,0.0,0.0,0.0,0.001799999999999996,0.0,0.029799999999999993
P21L-L28R-W30G,2019-09-04,TMP,0.3671,0.3987,0.3739,0.5081,0.0,0.0,0.0,0.0,0.0,0.0,0.0,0.018100000000000005
P21L-L28R-W30G-I94L,2019-08-14,4'-DTMP,0.6192,0.3932,0.3386,0.109,0.0,0.0015000000000000013,0.0,0.0012999999999999956,0.001999999999999995,0.0032000000000000015,0.0015000000000000013,0.0
P21L-L28R-W30G-I94L,2019-08-14,TMP,0.5730000000000001,0.5425000000000001,0.5324,0.35050000000000003,0.0,0.000899999999999998,0.0,0.0001999999999999988,0.0,0.0005000000000000004,0.0,0.0
P21L-L28R-W30G-I94L,2019-08-21,4'-DTMP,0.4374,0.3489,0.45619999999999994,0.26949999999999996,0.0010000000000000009,0.002600000000000005,0.0,0.0015000000000000013,0.0,0.003599999999999999,0.0012999999999999956,0.0
P21L-L28R-W30G-I94L,2019-08-21,TMP,0.7414999999999999,0.3982,0.3573,0.3685,0.5262,0.0011000000000000038,0.0,0.0014000000000000054,0.0,0.0015000000000000013,0.0,0.0
P21L-L28R-W30G-I94L,2019-09-04,4'-DTMP,0.26139999999999997,0.264,0.291,0.2736,0.0,0.0,0.0,0.00020000000000000573,0.0,0.001899999999999999,0.0,0.03040000000000001
P21L-L28R-W30G-I94L,2019-09-04,TMP,0.3488,0.3688,0.35040000000000004,0.416,0.0,0.0,0.0,0.0005000000000000004,0.0,0.0003999999999999976,0.0,0.014399999999999996
P21L-L28R-W30R,2019-08-14,4'-DTMP,0.4685,0.3154,0.34,0.011799999999999998,0.0,0.0005999999999999964,0.0,0.000899999999999998,0.0010999999999999968,0.0008000000000000021,0.001899999999999999,0.0
P21L-L28R-W30R,2019-08-14,TMP,0.4385,0.4895,0.5307999999999999,0.3702,0.0,0.0,0.0,0.0,0.0,0.0006000000000000033,0.0,0.0
P21L-L28R-W30R,2019-08-21,4'-DTMP,0.4365,0.3454,0.4266,0.4334,0.0,0.0,0.0,0.0,0.0,0.0015999999999999973,0.001700000000000007,0.0232
P21L-L28R-W30R,2019-08-21,TMP,0.4049,0.3123,0.3249,0.37070000000000003,0.6083999999999999,0.0,0.0,0.0,0.0,0.0,0.0,0.0
P21L-L28R-W30R,2019-09-04,4'-DTMP,0.2452,0.24259999999999998,0.2883,0.6038,0.0,0.0,0.0,0.0,0.0,0.0,0.0,0.1621
P21L-L28R-W30R,2019-09-04,TMP,0.4085,0.3508,0.40700000000000003,0.4465,0.0,0.0,0.0,0.0,0.0,0.002799999999999997,0.0,0.04390000000000001
P21L-L28R-W30R-I94L,2019-08-14,4'-DTMP,0.3868,0.3413,0.3374,0.4193,0.0,0.0008000000000000021,0.0,0.0002999999999999947,0.0001999999999999988,0.0014000000000000054,0.006099999999999994,0.0
P21L-L28R-W30R-I94L,2019-08-14,TMP,0.5058,0.47200000000000003,0.5461,0.4615,0.5694,0.0,0.0,0.0,0.0,0.0006000000000000033,0.0,0.0
P21L-L28R-W30R-I94L,2019-08-21,4'-DTMP,0.414,0.3432,0.45999999999999996,0.3646,0.4733,0.0015000000000000013,0.0,0.00020000000000000573,0.0,0.0029,0.0011000000000000038,0.0
P21L-L28R-W30R-I94L,2019-08-21,TMP,0.4831,0.3046,0.3332,0.354,0.38260000000000005,0.0,0.0,0.0014000000000000054,0.0,0.0006999999999999992,0.0,0.0
P21L-L28R-W30R-I94L,2019-09-04,4'-DTMP,0.2541,0.2469,0.3045,0.3048,0.3318,0.0,0.0,0.0,0.0,0.0010000000000000009,0.0,0.03359999999999999
P21L-L28R-W30R-I94L,2019-09-04,TMP,0.3847,0.3323,0.39349999999999996,0.4921,0.272,0.0,0.0,0.0,0.0,0.0,0.0,0.017200000000000007
P21L-W30G,2019-08-14,4'-DTMP,0.5476,0.5027,0.4498,0.44029999999999997,0.4927,0.502,0.4311,0.4536,0.0,0.0010999999999999968,0.0013999999999999985,0.0
P21L-W30G,2019-08-14,TMP,0.5959,0.5006,0.46950000000000003,0.43720000000000003,0.5618,0.5146000000000001,0.5083,0.5803,0.0,0.0013000000000000025,0.0,0.0
P21L-W30G,2019-08-21,4'-DTMP,0.5026999999999999,0.4354,0.3688,0.3757,0.3684,0.42760000000000004,0.42519999999999997,0.0,0.0,0.0029,0.0003000000000000086,0.0
P21L-W30G,2019-08-21,TMP,0.38589999999999997,0.4027,0.3514,0.3385,0.2992,0.3497,0.4427,0.3686,0.1101,0.0006999999999999992,0.0,0.0
P21L-W30G,2019-09-04,4'-DTMP,0.302,0.2978,0.3547,0.2924,0.4173,0.4319,0.3802,0.0,0.0008000000000000021,0.0010999999999999968,0.0,0.0537
P21L-W30G,2019-09-04,TMP,0.40959999999999996,0.3595,0.4658,0.44179999999999997,0.4565,0.4455,0.32749999999999996,0.3226,0.35429999999999995,0.0,0.0,0.008300000000000002
P21L-W30G-I94L,2019-08-14,4'-DTMP,0.45719999999999994,0.4076,0.4144,0.0040999999999999995,0.0,0.000899999999999998,0.0,0.000999999999999994,0.0,0.0013000000000000025,0.0068000000000000005,0.0
P21L-W30G-I94L,2019-08-14,TMP,0.5123,0.40409999999999996,0.5593,0.44599999999999995,0.0,0.0,0.0,0.0003999999999999976,0.0,0.0008000000000000021,0.0,0.0
P21L-W30G-I94L,2019-08-21,4'-DTMP,0.4382,0.3876,0.44820000000000004,0.48689999999999994,0.0,0.0013000000000000025,0.0,0.0011000000000000038,0.0,0.0038999999999999937,0.0012000000000000066,0.0
P21L-W30G-I94L,2019-08-21,TMP,0.5196999999999999,0.38079999999999997,0.45,0.3506,0.0012999999999999956,0.0,0.0,0.0010000000000000009,0.0,0.0010000000000000009,0.0,0.0
P21L-W30G-I94L,2019-09-04,4'-DTMP,0.2807,0.274,0.5273000000000001,0.5684,0.0,0.0,0.0,0.00030000000000000165,0.0,0.004699999999999996,0.0020999999999999908,0.12760000000000002
P21L-W30G-I94L,2019-09-04,TMP,0.5031000000000001,0.4552,0.48429999999999995,0.7721,0.5595,0.0,0.0,9.999999999999593e-05,0.0,0.0,0.0,0.007400000000000004
P21L-W30R,2019-08-14,4'-DTMP,0.6843,0.5662,0.3834,0.6053000000000001,0.5647,0.5634,0.2854,0.002799999999999997,0.0,0.0,0.0023999999999999994,0.0
P21L-W30R,2019-08-14,TMP,0.6513,0.66,0.5778,0.6749,0.6338,0.6352000000000001,0.31920000000000004,0.49230000000000007,0.0,0.0013000000000000025,0.0,0.0
P21L-W30R,2019-08-21,4'-DTMP,0.5602999999999999,0.4602,0.39969999999999994,0.4168,0.4209,0.433,0.4175,0.0,0.0,0.0010999999999999968,0.0,0.0
P21L-W30R,2019-08-21,TMP,0.47050000000000003,0.4301,0.4114,0.40800000000000003,0.39059999999999995,0.401,0.4496,0.3734,0.0,0.00010000000000000286,0.0,0.0
P21L-W30R,2019-09-04,4'-DTMP,0.3367,0.3493,0.3683,0.3666,0.3372,0.4283,0.39280000000000004,0.0,0.002800000000000004,0.000899999999999998,0.0,0.0325
P21L-W30R,2019-09-04,TMP,0.5266000000000001,0.4318,0.6028,0.4552,0.39270000000000005,0.4554,0.3151,0.4306,0.0,0.0,0.0,0.0624
P21L-W30R-I94L,2019-08-14,4'-DTMP,0.5458,0.3967,0.43420000000000003,0.3611,0.4041,0.45600000000000007,0.4274,0.6218999999999999,0.000999999999999994,0.0020999999999999977,0.0,0.0
P21L-W30R-I94L,2019-08-14,TMP,0.5841000000000001,0.5837,0.524,0.4698,0.48829999999999996,0.4185,0.48969999999999997,0.4747,0.44930000000000003,0.0010000000000000009,0.0,0.0
P21L-W30R-I94L,2019-08-21,4'-DTMP,0.47600000000000003,0.4724,0.35619999999999996,0.45599999999999996,0.38630000000000003,0.3997,0.3575,0.0006000000000000033,0.0,0.003499999999999996,0.0,0.0
P21L-W30R-I94L,2019-08-21,TMP,0.40449999999999997,0.3893,0.4124,0.44830000000000003,0.4617,0.43620000000000003,0.4147,0.4095,0.5564,0.0003999999999999976,0.0,0.0
P21L-W30R-I94L,2019-09-04,4'-DTMP,0.3558,0.3363,0.3262,0.3856,0.3436,0.2935,0.31079999999999997,0.4017,0.0,0.0014999999999999944,0.0003999999999999976,0.03259999999999999
P21L-W30R-I94L,2019-09-04,TMP,0.427,0.4392,0.4508,0.5155,0.46140000000000003,0.3945,0.36,0.45909999999999995,0.47920000000000007,0.0,0.0,0.0
W30G,2019-08-14,4'-DTMP,0.6018,0.5232,0.49310000000000004,0.47759999999999997,0.4212,0.3224,0.0,0.0002999999999999947,0.0,0.0011999999999999997,0.0007999999999999952,0.0
W30G,2019-08-14,TMP,0.515,0.6548,0.45349999999999996,0.5788,0.5515,0.4028,0.00030000000000000165,0.0012999999999999956,0.0,0.0020000000000000018,0.0,0.0
W30G,2019-08-21,4'-DTMP,0.7584,0.5599999999999999,0.3589,0.38899999999999996,0.3932,0.6458999999999999,0.00030000000000000165,0.0015000000000000013,0.0013999999999999985,0.0029,0.0,0.0
W30G,2019-08-21,TMP,0.3765,0.4133,0.4161,0.3219,0.34540000000000004,0.27230000000000004,0.46709999999999996,0.0023000000000000034,0.0020000000000000018,0.0011999999999999997,0.0005000000000000004,0.0
W30G,2019-09-04,4'-DTMP,0.2787,0.28809999999999997,0.3147,0.3032,0.3851,0.2953,0.0,0.0021000000000000046,0.0,0.004500000000000004,0.0,0.05790000000000001
W30G,2019-09-04,TMP,0.3658,0.4545,0.5157999999999999,0.4033,0.4235,0.4866,0.5753,0.0011999999999999997,0.0,0.0,0.0,0.029700000000000004
W30G-I94L,2019-08-14,4'-DTMP,0.5590999999999999,0.4841,0.4207,0.4613,0.45830000000000004,0.43420000000000003,0.3237,0.3119,0.3599,0.001800000000000003,0.0,0.005700000000000011
W30G-I94L,2019-08-14,TMP,0.5777,0.48769999999999997,0.5261,0.5531,0.5233,0.6019000000000001,0.48410000000000003,0.47230000000000005,0.5094000000000001,0.5683,0.3319,0.15190000000000003
W30G-I94L,2019-08-21,4'-DTMP,0.7933,0.4114,0.4498,0.5205000000000001,0.3526,0.49269999999999997,0.5091,0.5636,0.003599999999999999,0.001899999999999999,0.0,0.0
W30G-I94L,2019-08-21,TMP,0.3821,0.41459999999999997,0.36060000000000003,0.466,0.353,0.39880000000000004,0.3829,0.45849999999999996,0.5552,0.4849,0.4175,0.22740000000000002
W30G-I94L,2019-09-04,4'-DTMP,0.2596,0.2676,0.28809999999999997,0.2974,0.2927,0.4619,0.48919999999999997,0.006400000000000003,0.0,0.0029,0.0,0.06260000000000002
W30G-I94L,2019-09-04,TMP,0.31579999999999997,0.3325,0.3526,0.3339,0.3176,0.32080000000000003,0.425,0.494,0.0619,0.0,0.0,0.006900000000000003
W30R,2019-08-14,4'-DTMP,0.47229999999999994,0.5725,0.5478999999999999,0.5246000000000001,0.4596,0.5554,0.0015000000000000013,0.0003999999999999976,0.0092,0.0008000000000000021,0.0,0.04620000000000002
W30R,2019-08-14,TMP,0.5008,0.5696,0.5955,0.6793,0.6554,0.386,0.07940000000000001,0.0014999999999999944,0.0,0.0017000000000000001,0.0,0.0
W30R,2019-08-21,4'-DTMP,0.7910999999999999,0.8162999999999999,0.4276,0.4651,0.4725,0.0796,0.0013000000000000025,0.00020000000000000573,0.0003999999999999976,0.003599999999999999,0.000800000000000009,0.022199999999999998
W30R,2019-08-21,TMP,0.3635,0.432,0.4853,0.3579,0.39349999999999996,0.2908,0.307,0.0030000000000000027,0.0003999999999999976,0.0013000000000000025,0.0,0.022300000000000014
W30R,2019-09-04,4'-DTMP,0.2919,0.3076,0.4435,0.3174,0.4378,0.32689999999999997,0.004899999999999995,0.0023000000000000034,0.0,0.004599999999999993,0.0,0.10819999999999999
W30R,2019-09-04,TMP,0.46059999999999995,0.48979999999999996,0.48639999999999994,0.4506,0.46640000000000004,0.4781,0.5639000000000001,0.0008000000000000021,0.0,0.0,0.0,0.0032000000000000015
W30R-I94L,2019-08-14,4'-DTMP,0.5848,0.3068,0.34600000000000003,0.3641,0.4454,0.48340000000000005,0.5910000000000001,0.3474,0.0,0.0,0.0,0.0
W30R-I94L,2019-08-14,TMP,0.5274,0.5286000000000001,0.5775,0.33440000000000003,0.5583,0.5893,0.5649,0.3733,0.0,0.0011000000000000038,0.0,0.0
W30R-I94L,2019-08-21,4'-DTMP,0.6954999999999999,0.6800999999999999,0.4633999999999999,0.425,0.6710999999999999,0.858,0.0,0.0,0.0,0.0022000000000000006,0.0003999999999999976,0.0
W30R-I94L,2019-08-21,TMP,0.3715,0.4211,0.3442,0.47569999999999996,0.4254,0.4505,0.4189,0.6854,0.5006,0.0008000000000000021,0.0,0.0
W30R-I94L,2019-09-04,4'-DTMP,0.282,0.2949,0.3839,0.38130000000000003,0.4228,0.47929999999999995,0.5902,0.47379999999999994,0.0,0.0030999999999999986,0.0,0.05630000000000002
W30R-I94L,2019-09-04,TMP,0.3856,0.4163,0.4786,0.4516,0.43720000000000003,0.5093,0.43939999999999996,0.4083,0.0,0.0,0.0,0.007400000000000004
WT1,2019-08-14,4'-DTMP,0.4566,0.479,0.3369,0.37179999999999996,0.4482,0.5024000000000001,0.0,0.0,0.009699999999999993,0.0019000000000000059,0.0,0.0
WT1,2019-08-14,TMP,0.4464,0.47779999999999995,0.625,0.5916,0.5266,0.5166000000000001,0.0,0.0,0.0,0.00030000000000000165,0.0,0.0
WT1,2019-08-21,4'-DTMP,0.5587,0.3332,0.6949,0.6025,0.505,0.0005000000000000004,0.0,0.0011000000000000038,0.0,0.0020999999999999977,0.00010000000000000286,0.0
WT1,2019-08-21,TMP,0.2288,0.4765,0.3368,0.5063,0.4688,0.5196,0.0,0.0004000000000000045,0.0,0.0,0.0,0.0
WT1,2019-09-04,4'-DTMP,0.26539999999999997,0.2872,0.36219999999999997,0.4166,0.4225,0.5043,0.0,0.0007000000000000062,0.0,0.004199999999999995,0.0,0.07769999999999999
WT1,2019-09-04,TMP,0.3065,0.3941,0.4746,0.3998,0.5067,0.44170000000000004,0.0,0.0,0.0,0.0,0.0,0.04290000000000001
WT2,2019-08-14,4'-DTMP,0.515,0.49150000000000005,0.4498,0.3729,0.36469999999999997,0.0,0.0,0.0,0.0,0.0,0.0031999999999999945,0.0
WT2,2019-08-14,TMP,0.5763,0.5607000000000001,0.6214,0.5756,0.42569999999999997,0.4243,0.0,0.0,0.0,0.0,0.0,0.0
WT2,2019-08-21,4'-DTMP,0.5660999999999999,0.4232,0.46429999999999993,0.4339,0.438,0.0014000000000000054,0.0,0.00020000000000000573,0.0,0.0022000000000000006,0.0,0.0
WT2,2019-08-21,TMP,0.4958,0.3431,0.5272,0.4174,0.4456,0.4282,0.4109,0.0,0.0,0.0,0.0,0.0
WT2,2019-09-04,4'-DTMP,0.5637,0.4353,0.5006,0.3751,0.3898,0.39289999999999997,0.0,0.0,0.0,0.001899999999999999,0.0007999999999999952,0.042300000000000004
WT2,2019-09-04,TMP,0.4266,0.3987,0.6694,0.5377,0.4423,0.4289,0.0,0.0,0.0,0.0,0.0,0.0
WT3,2019-08-14,4'-DTMP,0.4198,0.4198,0.3675,0.3408,0.3049,0.39370000000000005,0.0,0.0,0.0015999999999999973,0.0005000000000000004,0.0063,0.0
WT3,2019-08-14,TMP,0.4324,0.5304000000000001,0.6489,0.49330000000000007,0.3588,0.3971,0.0,0.0,0.0,0.0001999999999999988,0.0,0.0
WT3,2019-08-21,4'-DTMP,0.4811,0.3448,0.3961,0.4461,0.4102,0.3738,0.0,0.0,0.0,0.002599999999999998,0.0,0.0
WT3,2019-08-21,TMP,0.5135,0.4094,0.5032,0.47569999999999996,0.4544,0.4681,0.5213,0.0,0.0,0.0008000000000000021,0.0,0.0
WT3,2019-09-04,4'-DTMP,0.2966,0.3058,0.3707,0.3584,0.4059,0.3655,0.0,0.0,0.0,0.0006999999999999992,0.0002999999999999947,0.03670000000000001
WT3,2019-09-04,TMP,0.5373,0.4228,0.6369,0.4239,0.46210000000000007,0.3877,0.0,0.0,0.0,0.0,0.0,0.0
WT4,2019-08-14,4'-DTMP,0.3278,0.4104,0.3793,0.3157,0.3371,0.0,0.0,0.0,0.0,0.0,0.005100000000000007,0.022299999999999986
WT4,2019-08-14,TMP,0.4988,0.5813,0.6234,0.4454,0.37879999999999997,0.4507,0.0,0.0,0.0,0.0001999999999999988,0.0,0.0040999999999999925
WT4,2019-08-21,4'-DTMP,0.23959999999999998,0.4682,0.46209999999999996,0.4427,0.3672,0.4252,0.0021000000000000046,0.0013000000000000025,0.001799999999999996,0.0022000000000000006,0.0,0.0
WT4,2019-08-21,TMP,0.6799999999999999,0.5817,0.7621,0.6683,0.5671999999999999,0.4128,0.0521,0.0,0.0,0.0,0.0,0.0
WT4,2019-09-04,4'-DTMP,0.3,0.3643,0.4034,0.3754,0.4417,0.3947,0.0,0.0,0.0,0.0,0.0,0.09770000000000001
WT4,2019-09-04,TMP,0.5066,0.5368999999999999,0.5122,0.46509999999999996,0.4415,0.4494,0.0,0.0,0.0,0.0,0.0,0.005300000000000006
c-35t,2019-08-14,4'-DTMP,0.39549999999999996,0.4338,0.48700000000000004,0.4633,0.45640000000000003,0.41290000000000004,0.2772,0.0058,0.0003999999999999976,0.0024000000000000063,0.004199999999999995,0.0
c-35t,2019-08-14,TMP,0.36710000000000004,0.39039999999999997,0.5214,0.4761000000000001,0.482,0.3796,0.3926,0.4138,0.0,0.0,0.0,0.0
c-35t,2019-08-21,4'-DTMP,0.2869,0.5026999999999999,0.4273,0.5174000000000001,0.5172,0.5037999999999999,0.45449999999999996,0.0004000000000000045,0.0,0.0,0.0,0.0
c-35t,2019-08-21,TMP,0.46319999999999995,0.7994,0.7857999999999999,0.6677,0.8482999999999999,0.8245,0.6083,0.7075,0.00010000000000000286,0.00010000000000000286,0.0,0.0
c-35t,2019-09-04,4'-DTMP,0.474,0.49169999999999997,0.3735,0.4245,0.2766,0.4209,0.30379999999999996,0.0008000000000000021,0.0,0.0007999999999999952,0.0,0.027600000000000013
c-35t,2019-09-04,TMP,0.3157,0.3181,0.4121,0.5003,0.39270000000000005,0.7930999999999999,0.3599,0.39540000000000003,0.0,0.0001999999999999988,0.0,0.021400000000000002
c-35t-A26T,2019-08-14,4'-DTMP,0.47719999999999996,0.4064,0.4516,0.48769999999999997,0.4768,0.4819,0.41659999999999997,0.22560000000000002,0.000999999999999994,0.0,0.0012999999999999956,0.0
c-35t-A26T,2019-08-14,TMP,0.3477,0.3767,0.5377,0.4949,0.4879,0.40249999999999997,0.5539999999999999,0.5032,0.46720000000000006,0.0010000000000000009,0.0,0.0
c-35t-A26T,2019-08-21,4'-DTMP,0.3982,0.4272,0.4738,0.5111,0.5222,0.5548,0.48879999999999996,0.5008,0.0,0.0033000000000000043,0.0,0.0
c-35t-A26T,2019-08-21,TMP,0.49119999999999997,0.6808000000000001,0.5938,0.6081,0.692,0.6885,0.6536,0.6669,0.7559,0.0010000000000000009,0.0,0.0
c-35t-A26T,2019-09-04,4'-DTMP,0.4314,0.4622,0.41059999999999997,0.4599,0.2821,0.3759,0.2803,0.4077,0.0007000000000000062,0.0024999999999999953,0.0,0.03240000000000001
c-35t-A26T,2019-09-04,TMP,0.2994,0.303,0.4256,0.4888,0.36129999999999995,0.7991999999999999,0.30529999999999996,0.5557,0.7266,0.0,0.0,0.0
c-35t-A26T-I94L,2019-08-14,4'-DTMP,0.3039,0.5655,0.5843999999999999,0.5278,0.47709999999999997,0.5790000000000001,0.2895,0.5047999999999999,0.2995,0.0,0.0,0.0
c-35t-A26T-I94L,2019-08-14,TMP,0.6859000000000001,0.5449,0.6066,0.6257,0.5649,0.4014,0.6779,0.5293,0.43320000000000003,0.40280000000000005,0.3312,0.0
c-35t-A26T-I94L,2019-08-21,4'-DTMP,0.5062,0.4702,0.42169999999999996,0.4259,0.4149,0.4754,0.43479999999999996,0.606,0.5842,0.4266,0.0,0.0
c-35t-A26T-I94L,2019-08-21,TMP,0.4284,0.5051000000000001,0.6081,0.5165,0.5964999999999999,0.5338999999999999,0.6268,0.6212000000000001,0.6041000000000001,0.6666,0.4784,0.1519
c-35t-A26T-I94L,2019-09-04,4'-DTMP,0.3601,0.3327,0.365,0.3513,0.3296,0.3858,0.3678,0.3984,0.387,0.22230000000000003,0.0,0.06770000000000001
c-35t-A26T-I94L,2019-09-04,TMP,0.3073,0.296,0.40869999999999995,0.4386,0.4193,0.4509,0.4517,0.4524,0.4759,0.4984,0.2344,0.1301
c-35t-A26T-L28R,2019-08-14,4'-DTMP,0.5421,0.5349,0.47069999999999995,0.48910000000000003,0.4958,0.5058,0.5637000000000001,0.5491999999999999,0.3143,0.0,0.005100000000000007,0.0
c-35t-A26T-L28R,2019-08-14,TMP,0.5640000000000001,0.5753,0.5663,0.5577,0.5590999999999999,0.6217,0.5689,0.7173,0.5814,0.5042,0.3532,0.136
c-35t-A26T-L28R,2019-08-21,4'-DTMP,0.5378999999999999,0.5506,0.4498,0.4371,0.4244,0.46149999999999997,0.44439999999999996,0.4801,0.49110000000000004,0.2721,0.0007000000000000062,0.0
c-35t-A26T-L28R,2019-08-21,TMP,0.3122,0.3359,0.4771,0.49410000000000004,0.4454,0.43320000000000003,0.5557,0.5715,0.4801,0.506,0.4067,0.33799999999999997
c-35t-A26T-L28R,2019-09-04,4'-DTMP,0.345,0.2839,0.3252,0.3624,0.3271,0.3009,0.42900000000000005,0.41569999999999996,0.4172,0.30920000000000003,0.0,0.036400000000000016
c-35t-A26T-L28R,2019-09-04,TMP,0.3484,0.38780000000000003,0.45929999999999993,0.5045,0.37539999999999996,0.4025,0.4317,0.46230000000000004,0.39590000000000003,0.3395,0.22560000000000002,0.2384
c-35t-A26T-L28R-I94L,2019-08-14,4'-DTMP,0.5375,0.5448,0.4734,0.5037,0.4797,0.4982,0.5304,0.5233,0.4171,0.2457,0.000899999999999998,0.0
c-35t-A26T-L28R-I94L,2019-08-14,TMP,0.5743,0.5749000000000001,0.5662,0.5909,0.5644,0.5924,0.5759,0.7196,0.5915,0.5348999999999999,0.37479999999999997,0.2385
c-35t-A26T-L28R-I94L,2019-08-21,4'-DTMP,0.5310999999999999,0.46880000000000005,0.4072,0.3692,0.3633,0.38780000000000003,0.4155,0.4438,0.47500000000000003,0.3087,0.003700000000000009,0.0
c-35t-A26T-L28R-I94L,2019-08-21,TMP,0.3539,0.3358,0.5600999999999999,0.5498999999999999,0.491,0.45749999999999996,0.6438,0.5276000000000001,0.4226,0.49839999999999995,0.3499,0.32820000000000005
c-35t-A26T-L28R-I94L,2019-09-04,4'-DTMP,0.3331,0.2954,0.349,0.3484,0.3364,0.3336,0.3951,0.4148,0.3743,0.3235,0.0013999999999999985,0.03340000000000001
c-35t-A26T-L28R-I94L,2019-09-04,TMP,0.3552,0.3594,0.4478,0.4909,0.38049999999999995,0.3922,0.44289999999999996,0.46499999999999997,0.34840000000000004,0.2554,0.20600000000000002,0.2865
c-35t-A26T-L28R-W30G,2019-08-14,4'-DTMP,0.42669999999999997,0.3938,0.3723,0.4337,0.3631,0.3791,0.4905,0.45649999999999996,0.361,0.0,0.0,0.0
c-35t-A26T-L28R-W30G,2019-08-14,TMP,0.46299999999999997,0.44889999999999997,0.5287,0.5454,0.47319999999999995,0.47079999999999994,0.5454,0.6678000000000001,0.5443,0.4952,0.47179999999999994,0.24670000000000003
c-35t-A26T-L28R-W30G,2019-08-21,4'-DTMP,0.5565,0.6426,0.5245,0.5047,0.40140000000000003,0.4359,0.46349999999999997,0.5399,0.4079,0.19179999999999997,0.001799999999999996,0.0
c-35t-A26T-L28R-W30G,2019-08-21,TMP,0.48629999999999995,0.5211,0.48169999999999996,0.5287,0.5246999999999999,0.3667,0.6191,0.3365,0.3851,0.36860000000000004,0.36419999999999997,0.2487
c-35t-A26T-L28R-W30G,2019-09-04,4'-DTMP,0.3881,0.4421,0.47169999999999995,0.2745,0.2672,0.30369999999999997,0.4678,0.3608,0.3871,0.22119999999999998,0.0002999999999999947,0.034400000000000014
c-35t-A26T-L28R-W30G,2019-09-04,TMP,0.4681,0.4388,0.5429999999999999,0.4897,0.29810000000000003,0.5338999999999999,0.4571,0.4102,0.4394,0.3785,0.3795,0.383
c-35t-A26T-L28R-W30G-I94L,2019-08-14,4'-DTMP,0.3706,0.3594,0.3624,0.5102,0.4268,0.43289999999999995,0.3796,0.4307,0.2489,0.0,0.002600000000000005,0.0
c-35t-A26T-L28R-W30G-I94L,2019-08-14,TMP,0.4607,0.5101,0.6963,0.5662,0.5549,0.5255000000000001,0.6185999999999999,0.6632,0.5874,0.5121,0.3329,0.1849
c-35t-A26T-L28R-W30G-I94L,2019-08-21,4'-DTMP,0.3554,0.4922,0.43679999999999997,0.4221,0.448,0.4872,0.4634,0.4154,0.3721,0.2673,0.0012999999999999956,0.0
c-35t-A26T-L28R-W30G-I94L,2019-08-21,TMP,0.444,0.4842,0.4681,0.4943,0.5002,0.49900000000000005,0.5287,0.49410000000000004,0.4631,0.4694999999999999,0.3865,0.18190000000000003
c-35t-A26T-L28R-W30G-I94L,2019-09-04,4'-DTMP,0.3851,0.3881,0.3362,0.3548,0.3414,0.3387,0.3951,0.32139999999999996,0.2751,0.18889999999999998,0.0,0.03609999999999999
c-35t-A26T-L28R-W30G-I94L,2019-09-04,TMP,0.3936,0.3849,0.40800000000000003,0.4275,0.45289999999999997,0.45749999999999996,0.431,0.4359,0.47750000000000004,0.413,0.3535,0.381
c-35t-A26T-L28R-W30R,2019-08-14,4'-DTMP,0.49129999999999996,0.4878,0.4622,0.5005000000000001,0.46619999999999995,0.47530000000000006,0.506,0.5082,0.3276,0.28809999999999997,0.0023999999999999994,0.01050000000000001
c-35t-A26T-L28R-W30R,2019-08-14,TMP,0.5453,0.536,0.5556,0.5561,0.5466,0.5847,0.5650999999999999,0.7136,0.5878,0.617,0.3905,0.404
c-35t-A26T-L28R-W30R,2019-08-21,4'-DTMP,0.5126,0.44380000000000003,0.3568,0.47700000000000004,0.364,0.4289,0.6423,0.45339999999999997,0.542,0.2947,0.000899999999999998,0.0
c-35t-A26T-L28R-W30R,2019-08-21,TMP,0.2716,0.24359999999999998,0.3718,0.4451,0.35,0.3713,0.4033,0.46390000000000003,0.4536,0.44910000000000005,0.3908,0.3075
c-35t-A26T-L28R-W30R,2019-09-04,4'-DTMP,0.3339,0.27649999999999997,0.35409999999999997,0.3186,0.32230000000000003,0.3233,0.3984,0.4455,0.4169,0.2673,0.0029,0.088
c-35t-A26T-L28R-W30R,2019-09-04,TMP,0.3051,0.3073,0.41169999999999995,0.37379999999999997,0.3954,0.3795,0.4513,0.4011,0.3692,0.3014,0.2223,0.3014
c-35t-A26T-L28R-W30R-I94L,2019-08-14,4'-DTMP,0.5182,0.4907,0.3913,0.4571,0.4759,0.5126000000000001,0.5034000000000001,0.5214,0.3222,0.0,0.0012000000000000066,0.0
c-35t-A26T-L28R-W30R-I94L,2019-08-14,TMP,0.5392,0.5514,0.5668,0.5699000000000001,0.5312,0.5431,0.5549,0.5957,0.4185,0.41579999999999995,0.2594,0.176
c-35t-A26T-L28R-W30R-I94L,2019-08-21,4'-DTMP,0.5093,0.4304,0.34640000000000004,0.3842,0.3945,0.371,0.3746,0.4221,0.47359999999999997,0.3414,0.0015000000000000013,0.0
c-35t-A26T-L28R-W30R-I94L,2019-08-21,TMP,0.3674,0.4244,0.47770000000000007,0.5078999999999999,0.4413,0.4275,0.6557999999999999,0.48879999999999996,0.4125,0.46509999999999996,0.347,0.258
c-35t-A26T-L28R-W30R-I94L,2019-09-04,4'-DTMP,0.2834,0.2616,0.258,0.2673,0.2632,0.265,0.29269999999999996,0.3175,0.3532,0.2892,0.0,0.02890000000000001
c-35t-A26T-L28R-W30R-I94L,2019-09-04,TMP,0.2577,0.366,0.3226,0.3422,0.2953,0.28540000000000004,0.3482,0.37170000000000003,0.38580000000000003,0.317,0.2794,0.36569999999999997
c-35t-A26T-W30G,2019-08-14,4'-DTMP,0.58,0.525,0.4744,0.5085000000000001,0.51,0.6535000000000001,0.5834,0.5438,0.2949,0.13920000000000002,0.002799999999999997,0.0
c-35t-A26T-W30G,2019-08-14,TMP,0.6062,0.5497000000000001,0.5946,0.5334,0.5266,0.6378,0.6044999999999999,0.6442,0.5924,0.6157,0.3615,0.111
c-35t-A26T-W30G,2019-08-21,4'-DTMP,0.4855,0.4924,0.4585,0.4356,0.4108,0.45880000000000004,0.41,0.5485,0.5329999999999999,0.3821,0.0011000000000000038,0.0
c-35t-A26T-W30G,2019-08-21,TMP,0.2807,0.3702,0.49790000000000006,0.445,0.46619999999999995,0.49820000000000003,0.5958,0.4933,0.47900000000000004,0.6992999999999999,0.5427000000000001,0.2952
c-35t-A26T-W30G,2019-09-04,4'-DTMP,0.40549999999999997,0.3256,0.3351,0.42260000000000003,0.3315,0.3467,0.3781,0.3548,0.3427,0.24039999999999997,0.0011000000000000038,0.036400000000000016
c-35t-A26T-W30G,2019-09-04,TMP,0.3398,0.3418,0.4043,0.4538,0.38949999999999996,0.42660000000000003,0.3928,0.3583,0.2902,0.268,0.1854,0.1901
c-35t-A26T-W30G-I94L,2019-08-14,4'-DTMP,0.41969999999999996,0.4617,0.3851,0.4064,0.4099,0.44710000000000005,0.4724,0.5698,0.3053,0.1929,0.009800000000000003,0.005600000000000022
c-35t-A26T-W30G-I94L,2019-08-14,TMP,0.5844,0.46459999999999996,0.43179999999999996,0.3863,0.5119,0.48889999999999995,0.389,0.6335000000000001,0.599,0.5470999999999999,0.5299,0.1481
c-35t-A26T-W30G-I94L,2019-08-21,4'-DTMP,0.5637,0.4855,0.4719,0.42869999999999997,0.3814,0.4405,0.37839999999999996,0.4761,0.45549999999999996,0.3086,0.0023999999999999994,0.0
c-35t-A26T-W30G-I94L,2019-08-21,TMP,0.4566,0.327,0.3907,0.3234,0.2895,0.32730000000000004,0.4123,0.422,0.4963,0.6632,0.5137,0.0849
c-35t-A26T-W30G-I94L,2019-09-04,4'-DTMP,0.39139999999999997,0.42919999999999997,0.44279999999999997,0.43570000000000003,0.3617,0.3775,0.5507,0.3702,0.4368,0.32430000000000003,0.0020999999999999908,0.048100000000000004
c-35t-A26T-W30G-I94L,2019-09-04,TMP,0.4814,0.6044999999999999,0.5590999999999999,0.5801,0.46810000000000007,0.44,0.5786,0.4279,0.4658,0.5918,0.404,0.25579999999999997
c-35t-A26T-W30R,2019-08-14,4'-DTMP,0.4841,0.5948,0.5909,0.6078,0.609,0.6445000000000001,0.6035,0.6306999999999999,0.3352,0.0,0.0,0.0
c-35t-A26T-W30R,2019-08-14,TMP,0.6346,0.6106,0.6066,0.5908,0.6033,0.6399,0.6465,0.6594,0.5979,0.5,0.28759999999999997,0.19519999999999998
c-35t-A26T-W30R,2019-08-21,4'-DTMP,0.4832,0.4843,0.4436,0.44889999999999997,0.45790000000000003,0.5177999999999999,0.4795,0.5311,0.5068999999999999,0.25129999999999997,0.0,0.0
c-35t-A26T-W30R,2019-08-21,TMP,0.48160000000000003,0.48979999999999996,0.5068999999999999,0.5037999999999999,0.5274,0.509,0.6234,0.5321,0.6304000000000001,0.6836,0.5166000000000001,0.22319999999999998
c-35t-A26T-W30R,2019-09-04,4'-DTMP,0.39189999999999997,0.3433,0.3468,0.37070000000000003,0.358,0.3784,0.4263,0.4231,0.449,0.22,0.0011999999999999927,0.033299999999999996
c-35t-A26T-W30R,2019-09-04,TMP,0.38029999999999997,0.33640000000000003,0.4495,0.4889,0.5018,0.4933,0.5139,0.529,0.5433,0.4145,0.2324,0.2434
c-35t-A26T-W30R-I94L,2019-08-14,4'-DTMP,0.5145,0.46109999999999995,0.5619,0.5647000000000001,0.5596,0.6376000000000001,0.6385000000000001,0.5764999999999999,0.22410000000000002,0.0,0.004100000000000006,0.0
c-35t-A26T-W30R-I94L,2019-08-14,TMP,0.6211,0.5268,0.5779,0.5342,0.5757,0.6856000000000001,0.6335,0.6497,0.6308,0.6605,0.5692,0.4004
c-35t-A26T-W30R-I94L,2019-08-21,4'-DTMP,0.3825,0.3884,0.5055999999999999,0.40659999999999996,0.4681,0.5481999999999999,0.5727,0.5033000000000001,0.3288,0.186,0.0,0.0
c-35t-A26T-W30R-I94L,2019-08-21,TMP,0.4596,0.44329999999999997,0.6670999999999999,0.5559999999999999,0.5458,0.5353,0.5467,0.5705,0.6762,0.7212,0.6592,0.3872
c-35t-A26T-W30R-I94L,2019-09-04,4'-DTMP,0.44639999999999996,0.4099,0.4516,0.5021,0.5157,0.5619999999999999,0.5768,0.5523,0.3582,0.0319,0.0007999999999999952,0.029299999999999993
c-35t-A26T-W30R-I94L,2019-09-04,TMP,0.4552,0.4903,0.5243,0.5045999999999999,0.5811000000000001,0.5481999999999999,0.6056,0.6408,0.5948,0.6466,0.4928,0.3915
c-35t-I94L,2019-08-14,4'-DTMP,0.3298,0.5485,0.5538,0.5543,0.524,0.5676,0.3372,0.4543,0.17809999999999998,0.0,0.0,0.0
c-35t-I94L,2019-08-14,TMP,0.6186,0.5009,0.5511,0.6547000000000001,0.531,0.39039999999999997,0.6101,0.5592,0.44699999999999995,0.37439999999999996,0.0,0.0
c-35t-I94L,2019-08-21,4'-DTMP,0.6644,0.5791999999999999,0.5473,0.5377000000000001,0.6032,0.5664,0.5952000000000001,0.6092000000000001,0.0,0.0007999999999999952,0.0,0.0
c-35t-I94L,2019-08-21,TMP,0.48019999999999996,0.4454,0.6736,0.6361,0.5998,0.6467999999999999,0.5619,0.7260000000000001,0.6653,0.0,0.0,0.0
c-35t-I94L,2019-09-04,4'-DTMP,0.40059999999999996,0.4082,0.4535,0.4063,0.3866,0.4521,0.4364,0.4834,0.026600000000000006,0.0013999999999999985,0.0002999999999999947,0.0587
c-35t-I94L,2019-09-04,TMP,0.3537,0.3441,0.44199999999999995,0.5018,0.4477,0.4785,0.5742,0.6016,0.45630000000000004,0.2479,0.0,0.006200000000000004
c-35t-L28R,2019-08-14,4'-DTMP,0.6724,0.61,0.5481999999999999,0.5666,0.6026,0.5805,0.5858,0.43,0.23960000000000004,0.0,0.0,0.0
c-35t-L28R,2019-08-14,TMP,0.6401,0.4742,0.5553,0.43069999999999997,0.414,0.46090000000000003,0.3602,0.2014,0.1086,0.0823,0.08529999999999999,0.18309999999999998
c-35t-L28R,2019-08-21,4'-DTMP,0.7279,0.5756,0.5440999999999999,0.6379,0.5277,0.5967,0.5788000000000001,0.4008,0.4103,0.0040999999999999995,0.0006000000000000033,0.0
c-35t-L28R,2019-08-21,TMP,0.21960000000000002,0.24819999999999998,0.29750000000000004,0.3431,0.42379999999999995,0.4873,0.3606,0.389,0.6113000000000001,0.5857,0.511,0.26960000000000006
c-35t-L28R,2019-09-04,4'-DTMP,0.45619999999999994,0.4301,0.4284,0.4032,0.4524,0.5164,0.4668,0.5043000000000001,0.27790000000000004,0.011099999999999999,0.005400000000000002,0.040200000000000014
c-35t-L28R,2019-09-04,TMP,0.4562,0.4305,0.5162,0.529,0.5178,0.5328999999999999,0.434,0.4851,0.37039999999999995,0.22870000000000001,0.2626,0.20739999999999997
c-35t-L28R-I94L,2019-08-14,4'-DTMP,0.4208,0.3784,0.3561,0.5248,0.5023,0.6151,0.542,0.436,0.2269,0.0,0.005100000000000007,0.0
c-35t-L28R-I94L,2019-08-14,TMP,0.4001,0.5224000000000001,0.5096999999999999,0.4949,0.657,0.7298,0.7028,0.7467,0.6983,0.7313,0.6895,0.2118
c-35t-L28R-I94L,2019-08-21,4'-DTMP,0.6166999999999999,0.3312,0.46199999999999997,0.47589999999999993,0.48310000000000003,0.5138999999999999,0.523,0.4815,0.0,0.0022000000000000006,0.0,0.0
c-35t-L28R-I94L,2019-08-21,TMP,0.3431,0.2754,0.4702,0.5434,0.5374,0.5601999999999999,0.5236999999999999,0.5910000000000001,0.6894,0.6463,0.5688000000000001,0.39980000000000004
c-35t-L28R-I94L,2019-09-04,4'-DTMP,0.3832,0.3262,0.36619999999999997,0.4041,0.42110000000000003,0.4757,0.518,0.48669999999999997,0.2798,0.0013999999999999985,0.028299999999999992,0.0358
c-35t-L28R-I94L,2019-09-04,TMP,0.5689000000000001,0.4389,0.46209999999999996,0.5817,0.5004000000000001,0.5035,0.5394,0.5789,0.5291,0.3466,0.308,0.2183
c-35t-L28R-W30G,2019-08-14,4'-DTMP,0.5381,0.5395,0.5276,0.4392,0.45799999999999996,0.48930000000000007,0.46849999999999997,0.5236999999999999,0.35200000000000004,0.0,0.0022999999999999965,0.0
c-35t-L28R-W30G,2019-08-14,TMP,0.5992000000000001,0.5853,0.6241,0.5911000000000001,0.5499999999999999,0.5896,0.6007,0.6616,0.5463,0.5009,0.3187,0.14030000000000004
c-35t-L28R-W30G,2019-08-21,4'-DTMP,0.49510000000000004,0.426,0.34840000000000004,0.3579,0.3708,0.429,0.3911,0.427,0.5268999999999999,0.30169999999999997,0.0,0.0
c-35t-L28R-W30G,2019-08-21,TMP,0.4058,0.4049,0.3799,0.3689,0.37670000000000003,0.35760000000000003,0.5342,0.5372,0.3866,0.3681,0.4281,0.34509999999999996
c-35t-L28R-W30G,2019-09-04,4'-DTMP,0.317,0.3402,0.3465,0.2802,0.3529,0.349,0.27759999999999996,0.317,0.33440000000000003,0.35340000000000005,0.004699999999999996,0.03209999999999999
c-35t-L28R-W30G,2019-09-04,TMP,0.2718,0.2982,0.383,0.409,0.352,0.4007,0.44989999999999997,0.5023,0.4548,0.3666,0.3293,0.2238
c-35t-L28R-W30G-I94L,2019-08-14,4'-DTMP,0.40309999999999996,0.3894,0.3803,0.4129,0.4155,0.4606,0.3877,0.3948,0.3276,0.0,0.0,0.0
c-35t-L28R-W30G-I94L,2019-08-14,TMP,0.49929999999999997,0.4614,0.49670000000000003,0.489,0.4679,0.5087,0.43460000000000004,0.4022,0.3539,0.27949999999999997,0.1915,0.018399999999999986
c-35t-L28R-W30G-I94L,2019-08-21,4'-DTMP,0.428,0.4422,0.4495,0.36169999999999997,0.3655,0.4006,0.34309999999999996,0.3619,0.3968,0.3095,0.0020000000000000018,0.0
c-35t-L28R-W30G-I94L,2019-08-21,TMP,0.47319999999999995,0.3706,0.38780000000000003,0.38330000000000003,0.38260000000000005,0.3685,0.5087,0.5534,0.4265,0.5103,0.4054,0.276
c-35t-L28R-W30G-I94L,2019-09-04,4'-DTMP,0.2711,0.2833,0.27699999999999997,0.2508,0.2777,0.3769,0.26439999999999997,0.3402,0.3522,0.23579999999999998,0.0013999999999999985,0.012200000000000016
c-35t-L28R-W30G-I94L,2019-09-04,TMP,0.311,0.3121,0.38060000000000005,0.3782,0.29079999999999995,0.3865,0.3407,0.3516,0.39059999999999995,0.2822,0.21289999999999998,0.08539999999999999
c-35t-L28R-W30R,2019-08-14,4'-DTMP,0.40209999999999996,0.3782,0.3809,0.36629999999999996,0.3715,0.43200000000000005,0.3992,0.4435,0.3849,0.3765,0.004500000000000004,0.0
c-35t-L28R-W30R,2019-08-14,TMP,0.4141,0.5011,0.4274,0.43820000000000003,0.495,0.4219,0.48890000000000006,0.48160000000000003,0.4968,0.4235,0.4842,0.4173
c-35t-L28R-W30R,2019-08-21,4'-DTMP,0.5086999999999999,0.5131,0.4538,0.48599999999999993,0.4265,0.38430000000000003,0.4477,0.4902,0.46169999999999994,0.4095,0.10550000000000001,0.0
c-35t-L28R-W30R,2019-08-21,TMP,0.7641,0.4344,0.4552,0.45990000000000003,0.5545,0.4884,0.6335,0.6864,0.5041000000000001,0.4675,0.38,0.2662
c-35t-L28R-W30R,2019-09-04,4'-DTMP,0.5634,0.5145000000000001,0.5822,0.5565,0.5517,0.5354,0.6043,0.5666,0.3008,0.3702,0.0513,0.03160000000000002
c-35t-L28R-W30R,2019-09-04,TMP,0.521,0.6058,0.5963999999999999,0.5983999999999999,0.6606000000000001,0.6078,0.7056,0.7317,0.6882,0.6508999999999999,0.5644,0.3861
c-35t-L28R-W30R-I94L,2019-08-14,4'-DTMP,0.3951,0.3501,0.3561,0.46900000000000003,0.49339999999999995,0.5391,0.4924,0.45890000000000003,0.1599,0.0,0.002699999999999994,0.0
c-35t-L28R-W30R-I94L,2019-08-14,TMP,0.4736,0.6361,0.48160000000000003,0.4456,0.5811,0.6321,0.6088,0.6804,0.6524,0.7232999999999999,0.5411,0.2725
c-35t-L28R-W30R-I94L,2019-08-21,4'-DTMP,0.4245,0.3064,0.4587,0.48679999999999995,0.4661,0.4815,0.4664,0.4683,0.3125,0.0346,0.0,0.0
c-35t-L28R-W30R-I94L,2019-08-21,TMP,0.3823,0.2658,0.4112,0.5038999999999999,0.5129,0.5019,0.48429999999999995,0.5871000000000001,0.6579,0.6306999999999999,0.5035000000000001,0.36060000000000003
c-35t-L28R-W30R-I94L,2019-09-04,4'-DTMP,0.2828,0.2628,0.3261,0.3882,0.3971,0.4472,0.4797,0.4711,0.3247,0.06770000000000001,0.0030999999999999917,0.018699999999999994
c-35t-L28R-W30R-I94L,2019-09-04,TMP,0.45959999999999995,0.4316,0.39670000000000005,0.5785,0.4897,0.4825,0.5196000000000001,0.5254,0.4615,0.3579,0.3708,0.243
c-35t-P21L,2019-08-14,4'-DTMP,0.3645,0.387,0.4087,0.48899999999999993,0.4546,0.5245000000000001,0.41019999999999995,0.3114,0.001799999999999996,0.0,0.0030000000000000027,0.0
c-35t-P21L,2019-08-14,TMP,0.3864,0.3771,0.5111,0.4194,0.48349999999999993,0.4347,0.566,0.46420000000000006,0.2633,0.0017000000000000001,0.0,0.0
c-35t-P21L,2019-08-21,4'-DTMP,0.3552,0.4545,0.49659999999999993,0.5243,0.5045999999999999,0.5952,0.4843,0.536,0.2531,0.0038000000000000048,0.00010000000000000286,0.0
c-35t-P21L,2019-08-21,TMP,0.4706,0.5484,0.7398,0.6419999999999999,0.6850999999999999,0.5828,0.5608,0.6918000000000001,0.5349,0.000899999999999998,0.0,0.0
c-35t-P21L,2019-09-04,4'-DTMP,0.46040000000000003,0.4612,0.4155,0.5729,0.2674,0.3805,0.28769999999999996,0.29769999999999996,0.0235,0.0024999999999999953,0.0,0.026100000000000012
c-35t-P21L,2019-09-04,TMP,0.3084,0.3312,0.3954,0.521,0.4082,0.7918,0.4095,0.48460000000000003,0.3457,0.376,0.002799999999999997,0.009500000000000001
c-35t-P21L-A26T,2019-08-14,4'-DTMP,0.28159999999999996,0.388,0.3711,0.4145,0.4245,0.44079999999999997,0.4339,0.2538,0.001999999999999995,0.00030000000000000165,0.004500000000000004,0.040100000000000025
c-35t-P21L-A26T,2019-08-14,TMP,0.4122,0.4128,0.5126,0.27759999999999996,0.4327,0.5144000000000001,0.5523,0.5337000000000001,0.3284,0.3133,0.0015000000000000013,0.017299999999999996
c-35t-P21L-A26T,2019-08-21,4'-DTMP,0.2217,0.3714,0.4891,0.45439999999999997,0.37420000000000003,0.4765,0.3816,0.3505,0.1073,0.0051,0.0021000000000000046,0.0
c-35t-P21L-A26T,2019-08-21,TMP,0.5733,0.6254000000000001,0.7605999999999999,0.4903,0.6208,0.5447,0.7089,0.6504000000000001,0.5715,0.6087,0.0016000000000000042,0.0040000000000000036
c-35t-P21L-A26T,2019-09-04,4'-DTMP,0.45819999999999994,0.441,0.366,0.3437,0.2844,0.382,0.39990000000000003,0.37279999999999996,0.2989,0.001799999999999996,0.0003999999999999976,0.0996
c-35t-P21L-A26T,2019-09-04,TMP,0.44179999999999997,0.4339,0.4437,0.39799999999999996,0.32720000000000005,0.5635,0.3671,0.47619999999999996,0.39280000000000004,0.4377,0.4021,0.012700000000000003
c-35t-P21L-A26T-I94L,2019-08-14,4'-DTMP,0.1492,0.5783,0.3938,0.4115,0.42919999999999997,0.5837,0.2261,0.45539999999999997,0.2544,0.0,0.0,0.005900000000000016
c-35t-P21L-A26T-I94L,2019-08-14,TMP,0.6443,0.45449999999999996,0.445,0.6032000000000001,0.46729999999999994,0.398,0.46070000000000005,0.44780000000000003,0.5141,0.46419999999999995,0.3403,0.1214
c-35t-P21L-A26T-I94L,2019-08-21,4'-DTMP,0.5410999999999999,0.5935999999999999,0.5552,0.5995,0.6158,0.43420000000000003,0.5572,0.7616,0.47879999999999995,0.2562,0.002600000000000005,0.0
c-35t-P21L-A26T-I94L,2019-08-21,TMP,0.5065999999999999,0.4846,0.5652999999999999,0.5825999999999999,0.5977,0.5622999999999999,0.8249,0.6713,0.6187,0.7112999999999999,0.5044000000000001,0.3687
c-35t-P21L-A26T-I94L,2019-09-04,4'-DTMP,0.3609,0.3673,0.3779,0.32230000000000003,0.3304,0.3799,0.4486,0.39949999999999997,0.3801,0.2712,0.0,0.1263
c-35t-P21L-A26T-I94L,2019-09-04,TMP,0.33999999999999997,0.3574,0.45130000000000003,0.41519999999999996,0.38139999999999996,0.4077,0.4357,0.488,0.3921,0.4572,0.3358,0.2662
c-35t-P21L-A26T-L28R,2019-08-14,4'-DTMP,0.4401,0.5112,0.46470000000000006,0.47400000000000003,0.48919999999999997,0.5506,0.5108,0.5209999999999999,0.2931,0.0,0.0023999999999999994,0.0
c-35t-P21L-A26T-L28R,2019-08-14,TMP,0.546,0.5086,0.576,0.5369,0.5004,0.5822,0.5692999999999999,0.486,0.3647,0.2623,0.2249,0.1255
c-35t-P21L-A26T-L28R,2019-08-21,4'-DTMP,0.4418,0.5456,0.45909999999999995,0.45879999999999993,0.4289,0.47170000000000006,0.4993,0.5081,0.4471,0.2542,0.0,0.0
c-35t-P21L-A26T-L28R,2019-08-21,TMP,0.4109,0.48800000000000004,0.6613,0.6375,0.4704999999999999,0.4744,0.7064,0.4611,0.7677,0.5226,0.5719000000000001,0.3369
c-35t-P21L-A26T-L28R,2019-09-04,4'-DTMP,0.3258,0.2718,0.3503,0.3679,0.317,0.347,0.38149999999999995,0.33909999999999996,0.3726,0.34950000000000003,0.0002999999999999947,0.056499999999999995
c-35t-P21L-A26T-L28R,2019-09-04,TMP,0.332,0.3308,0.40149999999999997,0.3951,0.3901,0.4021,0.4236,0.4059,0.38480000000000003,0.3044,0.21439999999999998,0.2658
c-35t-P21L-A26T-L28R-I94L,2019-08-14,4'-DTMP,0.3802,0.3029,0.3578,0.42169999999999996,0.45409999999999995,0.5189,0.5107,0.5041,0.2949,0.0,0.0,0.0
c-35t-P21L-A26T-L28R-I94L,2019-08-14,TMP,0.45630000000000004,0.4922,0.6045,0.42979999999999996,0.6102,0.6966,0.7106,0.6814,0.5922000000000001,0.4163,0.2781,0.11539999999999999
c-35t-P21L-A26T-L28R-I94L,2019-08-21,4'-DTMP,0.4027,0.3459,0.44289999999999996,0.39289999999999997,0.4143,0.48469999999999996,0.5551,0.5329,0.4058,0.2283,0.00010000000000000286,0.0
c-35t-P21L-A26T-L28R-I94L,2019-08-21,TMP,0.5622,0.409,0.5534,0.4964,0.45430000000000004,0.4892,0.5735,0.4805,0.7083,0.5498999999999999,0.49289999999999995,0.3329
c-35t-P21L-A26T-L28R-I94L,2019-09-04,4'-DTMP,0.3447,0.361,0.3943,0.3978,0.3292,0.3702,0.3346,0.39239999999999997,0.3741,0.20149999999999998,0.0,0.06920000000000001
c-35t-P21L-A26T-L28R-I94L,2019-09-04,TMP,0.5266000000000001,0.5187999999999999,0.5388999999999999,0.40299999999999997,0.3389,0.3678,0.4014,0.4089,0.3446,0.2935,0.267,0.2807
c-35t-P21L-A26T-L28R-W30G-I94L,2019-08-14,4'-DTMP,0.30379999999999996,0.424,0.4072,0.0,0.0,0.0,0.0,0.0,0.0002999999999999947,0.0,0.0007000000000000062,0.015100000000000002
c-35t-P21L-A26T-L28R-W30G-I94L,2019-08-14,TMP,0.4097,0.4441,0.44589999999999996,0.2904,0.1346,0.0,0.0,0.0,0.0,0.00030000000000000165,0.00010000000000000286,0.0021999999999999936
c-35t-P21L-A26T-L28R-W30G-I94L,2019-08-21,4'-DTMP,0.2121,0.4996,0.43069999999999997,0.37939999999999996,0.40650000000000003,0.004500000000000004,0.0020000000000000018,0.0013000000000000025,0.0015000000000000013,0.0029999999999999957,0.000899999999999998,0.016399999999999998
c-35t-P21L-A26T-L28R-W30G-I94L,2019-08-21,TMP,0.5185,0.5346000000000001,0.6582,0.6063999999999999,0.5099,0.0023000000000000034,0.0,0.0,0.22459999999999997,0.00010000000000000286,0.0,0.0
c-35t-P21L-A26T-L28R-W30G-I94L,2019-09-04,4'-DTMP,0.3826,0.369,0.2872,0.2858,0.0,0.0,0.0,0.0,0.0,0.0,0.0,0.16590000000000002
c-35t-P21L-A26T-L28R-W30G-I94L,2019-09-04,TMP,0.3364,0.31270000000000003,0.4286,0.307,0.21459999999999999,0.0,0.0,0.0,0.0,0.0,0.0002999999999999947,0.0305
c-35t-P21L-A26T-L28R-W30R,2019-08-14,4'-DTMP,0.37889999999999996,0.313,0.3402,0.3257,0.3083,0.4751000000000001,0.3117,0.2599,0.3633,0.0,0.0,0.0
c-35t-P21L-A26T-L28R-W30R,2019-08-14,TMP,0.4717,0.4884,0.49139999999999995,0.39759999999999995,0.44139999999999996,0.48300000000000004,0.46190000000000003,0.5612,0.492,0.4266,0.20989999999999998,0.09860000000000001
c-35t-P21L-A26T-L28R-W30R,2019-08-21,4'-DTMP,0.3484,0.401,0.4616,0.48469999999999996,0.4055,0.4471,0.4371,0.3097,0.2895,0.1253,0.0,0.0
c-35t-P21L-A26T-L28R-W30R,2019-08-21,TMP,0.5603,0.4731,0.6547999999999999,0.5066999999999999,0.48829999999999996,0.47580000000000006,0.47219999999999995,0.49679999999999996,0.6112000000000001,0.47529999999999994,0.4415,0.27190000000000003
c-35t-P21L-A26T-L28R-W30R,2019-09-04,4'-DTMP,0.3414,0.3644,0.3326,0.3922,0.29710000000000003,0.30069999999999997,0.36860000000000004,0.3091,0.3734,0.1491,0.0006000000000000033,0.05940000000000001
c-35t-P21L-A26T-L28R-W30R,2019-09-04,TMP,0.5709000000000001,0.4084,0.44120000000000004,0.3916,0.35529999999999995,0.3748,0.3397,0.3393,0.33340000000000003,0.3489,0.2918,0.13369999999999999
c-35t-P21L-A26T-L28R-W30R-I94L,2019-08-14,4'-DTMP,0.3706,0.3168,0.3281,0.004899999999999995,0.027599999999999993,0.0,0.0,0.0,0.0012999999999999956,0.00010000000000000286,0.007599999999999996,0.0
c-35t-P21L-A26T-L28R-W30R-I94L,2019-08-14,TMP,0.43320000000000003,0.5006,0.5438999999999999,0.3107,0.6455,0.0,0.0,0.0,0.0001999999999999988,0.0004000000000000045,0.0001999999999999988,0.0
c-35t-P21L-A26T-L28R-W30R-I94L,2019-08-21,4'-DTMP,0.2757,0.3898,0.4426,0.41869999999999996,0.20029999999999998,0.012300000000000005,0.000900000000000005,0.0032000000000000015,0.005600000000000001,0.0020999999999999977,0.0,0.0
c-35t-P21L-A26T-L28R-W30R-I94L,2019-08-21,TMP,0.7262,0.529,0.735,0.5243,0.4517,0.4516,0.0063,0.0004000000000000045,0.0006000000000000033,0.4407,0.00020000000000000573,0.0
c-35t-P21L-A26T-L28R-W30R-I94L,2019-09-04,4'-DTMP,0.3629,0.3741,0.4004,0.3434,0.0012999999999999956,0.0,9.999999999999593e-05,0.0,0.00030000000000000165,0.0013999999999999985,0.0015000000000000013,0.0655
c-35t-P21L-A26T-L28R-W30R-I94L,2019-09-04,TMP,0.5246000000000001,0.5695,0.525,0.4118,0.4781000000000001,0.04920000000000001,0.00010000000000000286,0.00030000000000000165,0.0,0.00030000000000000165,0.0013999999999999985,0.0
c-35t-P21L-A26T-W30R,2019-08-14,4'-DTMP,0.296,0.5813,0.6351,0.6052000000000001,0.594,0.6177,0.48799999999999993,0.5349999999999999,0.3355,0.0,0.0,0.0
c-35t-P21L-A26T-W30R,2019-08-14,TMP,0.6675,0.6829000000000001,0.7505,0.6077,0.5849,0.6042000000000001,0.6696,0.7158,0.6474,0.6029,0.3658,0.15639999999999998
c-35t-P21L-A26T-W30R,2019-08-21,4'-DTMP,0.48190000000000005,0.4544,0.4256,0.4634,0.49379999999999996,0.5066999999999999,0.5496000000000001,0.5889000000000001,0.5567,0.31279999999999997,0.0,0.0
c-35t-P21L-A26T-W30R,2019-08-21,TMP,0.46199999999999997,0.49989999999999996,0.5839,0.4865,0.5326,0.5439999999999999,0.8415,0.6000000000000001,0.6373000000000001,0.5509999999999999,0.5245000000000001,0.3607
c-35t-P21L-A26T-W30R,2019-09-04,4'-DTMP,0.353,0.3635,0.4026,0.3793,0.38330000000000003,0.39,0.43479999999999996,0.4445,0.5355,0.3419,0.0,0.03309999999999999
c-35t-P21L-A26T-W30R,2019-09-04,TMP,0.3655,0.3394,0.39370000000000005,0.5327,0.3919,0.5076999999999999,0.4765,0.4909,0.5820000000000001,0.4805,0.42310000000000003,0.2318
c-35t-P21L-A26T-W30R-I94L,2019-08-14,4'-DTMP,0.3841,0.5274,0.5135,0.5059,0.5087,0.5698,0.5657000000000001,0.5141,0.3401,0.0011999999999999997,0.004100000000000006,0.03750000000000003
c-35t-P21L-A26T-W30R-I94L,2019-08-14,TMP,0.5734,0.5385000000000001,0.5395,0.5378000000000001,0.5382,0.6122000000000001,0.5357999999999999,0.6055,0.5777,0.5735,0.3226,0.17810000000000004
c-35t-P21L-A26T-W30R-I94L,2019-08-21,4'-DTMP,0.5012,0.46,0.4456,0.459,0.4563,0.4913,0.48910000000000003,0.559,0.5566,0.1532,0.0003000000000000086,0.0
c-35t-P21L-A26T-W30R-I94L,2019-08-21,TMP,0.472,0.47469999999999996,0.5955999999999999,0.46380000000000005,0.48419999999999996,0.47080000000000005,0.8204,0.4705,0.5674,0.5752999999999999,0.5448000000000001,0.38360000000000005
c-35t-P21L-A26T-W30R-I94L,2019-09-04,4'-DTMP,0.39039999999999997,0.4172,0.4662,0.4449,0.4441,0.41509999999999997,0.4476,0.41209999999999997,0.46159999999999995,0.258,0.0007999999999999952,0.06540000000000001
c-35t-P21L-A26T-W30R-I94L,2019-09-04,TMP,0.5268,0.4612,0.5557,0.5507,0.4849,0.5074,0.5163000000000001,0.47930000000000006,0.5081,0.4976,0.5209,0.382
c-35t-P21L-I94L,2019-08-14,4'-DTMP,0.2413,0.5066,0.5162,0.5055000000000001,0.46140000000000003,0.5648000000000001,0.3378,0.46859999999999996,0.19679999999999997,0.0,0.0,0.0
c-35t-P21L-I94L,2019-08-14,TMP,0.6008,0.5054000000000001,0.6032,0.6261,0.5599,0.3866,0.6009,0.5271,0.41790000000000005,0.44079999999999997,0.0162,0.0
c-35t-P21L-I94L,2019-08-21,4'-DTMP,0.5499999999999999,0.5194,0.4835999999999999,0.5790000000000001,0.5340999999999999,0.5367999999999999,0.5245000000000001,0.6464000000000001,0.5411999999999999,0.0005000000000000004,0.0,0.0
c-35t-P21L-I94L,2019-08-21,TMP,0.5504,0.5296000000000001,0.5698,0.49920000000000003,0.564,0.5283,0.712,0.6395000000000001,0.7040000000000001,0.5838,0.3812,0.0
c-35t-P21L-I94L,2019-09-04,4'-DTMP,0.3979,0.3865,0.4016,0.3861,0.3783,0.3623,0.45030000000000003,0.4592,0.46270000000000006,0.0,0.00019999999999999185,0.06770000000000001
c-35t-P21L-I94L,2019-09-04,TMP,0.4019,0.3564,0.4616,0.497,0.44520000000000004,0.4945,0.4744,0.48929999999999996,0.40900000000000003,0.3041,0.1811,0.014300000000000007
c-35t-P21L-L28R,2019-08-14,4'-DTMP,0.5756,0.549,0.5036999999999999,0.5105000000000001,0.5,0.5506,0.5553,0.5373,0.3023,0.0,0.0,0.0
c-35t-P21L-L28R,2019-08-14,TMP,0.6084,0.5917,0.5744,0.5615,0.5756,0.6135,0.6697,0.49250000000000005,0.4353,0.29179999999999995,0.1318,0.05289999999999999
c-35t-P21L-L28R,2019-08-21,4'-DTMP,0.5307999999999999,0.5338999999999999,0.4151,0.42369999999999997,0.40650000000000003,0.515,0.42329999999999995,0.48869999999999997,0.4461,9.999999999999593e-05,0.0,0.0
c-35t-P21L-L28R,2019-08-21,TMP,0.23769999999999997,0.2529,0.4734,0.5057999999999999,0.46029999999999993,0.45880000000000004,0.6617999999999999,0.5053000000000001,0.5301,0.5673,0.4044,0.19970000000000002
c-35t-P21L-L28R,2019-09-04,4'-DTMP,0.3236,0.28959999999999997,0.32839999999999997,0.3037,0.3112,0.3379,0.36339999999999995,0.3825,0.4502,0.004299999999999998,0.0,0.0436
c-35t-P21L-L28R,2019-09-04,TMP,0.3439,0.3748,0.4094,0.3972,0.3509,0.3734,0.3256,0.3093,0.31579999999999997,0.2587,0.1412,0.11009999999999999
c-35t-P21L-L28R-W30G,2019-08-14,4'-DTMP,0.4193,0.46320000000000006,0.46180000000000004,0.4701,0.43119999999999997,0.45030000000000003,0.4633,0.4721,0.3529,0.0,0.0012000000000000066,0.0
c-35t-P21L-L28R-W30G,2019-08-14,TMP,0.5132,0.4723,0.542,0.4778,0.5025999999999999,0.5736,0.5719,0.5853,0.5003000000000001,0.4458,0.2524,0.09749999999999999
c-35t-P21L-L28R-W30G,2019-08-21,4'-DTMP,0.354,0.577,0.5374,0.5074000000000001,0.4601,0.5404,0.4985,0.5497000000000001,0.4883,0.2844,0.0005000000000000004,0.0
c-35t-P21L-L28R-W30G,2019-08-21,TMP,0.5786,0.5378000000000001,0.6197999999999999,0.5962,0.5475,0.4263,0.7651,0.5341,0.514,0.5382,0.4301,0.2613
c-35t-P21L-L28R-W30G,2019-09-04,4'-DTMP,0.3866,0.4033,0.3321,0.31120000000000003,0.4076,0.348,0.3761,0.3871,0.4302,0.23029999999999998,0.0016000000000000042,0.057999999999999996
c-35t-P21L-L28R-W30G,2019-09-04,TMP,0.4412,0.4534,0.4537,0.448,0.34230000000000005,0.3544,0.27999999999999997,0.3125,0.3123,0.2756,0.22410000000000002,0.1381
c-35t-P21L-L28R-W30G-I94L,2019-08-14,4'-DTMP,0.4316,0.3262,0.38430000000000003,0.4203,0.0,0.0,0.0,0.0,0.0,0.0003999999999999976,0.0003999999999999976,0.0
c-35t-P21L-L28R-W30G-I94L,2019-08-14,TMP,0.4426,0.4893,0.5149,0.3376,0.46829999999999994,0.0,0.0,0.0,0.0,0.0,0.0,0.0
c-35t-P21L-L28R-W30G-I94L,2019-08-21,4'-DTMP,0.39840000000000003,0.3174,0.38049999999999995,0.301,0.3598,0.0010000000000000009,0.0022000000000000006,0.0023999999999999994,0.005499999999999998,0.0029,0.0,0.0
c-35t-P21L-L28R-W30G-I94L,2019-08-21,TMP,0.4588,0.3823,0.46480000000000005,0.4422,0.5192,0.4144,0.0015000000000000013,0.0116,0.006199999999999997,0.0040000000000000036,0.001800000000000003,0.0
c-35t-P21L-L28R-W30G-I94L,2019-09-04,4'-DTMP,0.31089999999999995,0.28049999999999997,0.3258,0.32030000000000003,0.4104,0.0,0.0,0.0,0.0,0.0005999999999999964,0.0020999999999999908,0.04420000000000002
c-35t-P21L-L28R-W30G-I94L,2019-09-04,TMP,0.3831,0.4801,0.5364,0.3979,0.3266,0.0,0.00010000000000000286,0.0,0.0,0.0,0.0,0.0
c-35t-P21L-L28R-W30R,2019-08-14,4'-DTMP,0.48419999999999996,0.499,0.4496,0.4683,0.4625,0.4686,0.5528000000000001,0.4654,0.3078,0.0,0.0,0.0
c-35t-P21L-L28R-W30R,2019-08-14,TMP,0.5438000000000001,0.49720000000000003,0.5397,0.47430000000000005,0.48939999999999995,0.5192,0.4973,0.46499999999999997,0.31320000000000003,0.2711,0.156,0.08889999999999999
c-35t-P21L-L28R-W30R,2019-08-21,4'-DTMP,0.45690000000000003,0.5390999999999999,0.4891,0.4445,0.4139,0.4621,0.4623,0.4653,0.4027,0.24779999999999996,0.0,0.0
c-35t-P21L-L28R-W30R,2019-08-21,TMP,0.31829999999999997,0.4189,0.5383,0.5567,0.5116999999999999,0.47859999999999997,0.7041,0.5148,0.5537000000000001,0.5292,0.46,0.2743
c-35t-P21L-L28R-W30R,2019-09-04,4'-DTMP,0.38789999999999997,0.3283,0.3107,0.29610000000000003,0.3142,0.3439,0.367,0.3735,0.3714,0.1859,0.000899999999999998,0.03190000000000001
c-35t-P21L-L28R-W30R,2019-09-04,TMP,0.49379999999999996,0.434,0.46319999999999995,0.426,0.34140000000000004,0.3617,0.287,0.2803,0.21930000000000002,0.189,0.1763,0.13890000000000002
c-35t-P21L-L28R-W30R-I94L,2019-08-14,4'-DTMP,0.46199999999999997,0.3156,0.288,0.4236,0.3838,0.09509999999999999,0.0,0.0,0.0003999999999999976,0.0,0.00010000000000000286,0.0
c-35t-P21L-L28R-W30R-I94L,2019-08-14,TMP,0.41300000000000003,0.47200000000000003,0.5855,0.3499,0.46099999999999997,0.5942000000000001,0.5206,0.4414,0.44310000000000005,0.4799,0.3067,0.026300000000000004
c-35t-P21L-L28R-W30R-I94L,2019-08-21,4'-DTMP,0.4842,0.3049,0.4608,0.28049999999999997,0.383,0.4287,0.13010000000000002,0.0014000000000000054,0.0011999999999999997,0.004399999999999994,0.0,0.0
c-35t-P21L-L28R-W30R-I94L,2019-08-21,TMP,0.5196,0.3514,0.5448,0.4793,0.4666,0.37920000000000004,0.6574,0.3722,0.4614,0.469,0.44129999999999997,0.001799999999999996
c-35t-P21L-L28R-W30R-I94L,2019-09-04,4'-DTMP,0.3116,0.2907,0.3537,0.3547,0.3187,0.45389999999999997,0.0032999999999999974,0.0,0.0,0.0,0.000899999999999998,0.03870000000000001
c-35t-P21L-L28R-W30R-I94L,2019-09-04,TMP,0.5139,0.3903,0.46609999999999996,0.42669999999999997,0.4064,0.3645,0.3913,0.32380000000000003,0.4154,0.38580000000000003,0.4411,0.22459999999999997
c-35t-P21L-W30G,2019-08-14,4'-DTMP,0.5463,0.4898,0.5095999999999999,0.5054000000000001,0.5383,0.6151,0.5686,0.5421999999999999,0.3062,0.0005000000000000004,0.0,0.0
c-35t-P21L-W30G,2019-08-14,TMP,0.5199,0.5535,0.5633,0.5466,0.5589999999999999,0.6379,0.5604,0.5897,0.5134000000000001,0.5211,0.4133,0.0
c-35t-P21L-W30G,2019-08-21,4'-DTMP,0.48369999999999996,0.45949999999999996,0.47339999999999993,0.45949999999999996,0.4307,0.517,0.4522,0.5276000000000001,0.5041,0.002700000000000001,0.0,0.0
c-35t-P21L-W30G,2019-08-21,TMP,0.40249999999999997,0.47969999999999996,0.46190000000000003,0.4271,0.44279999999999997,0.4693,0.6613,0.49720000000000003,0.6106,0.5911,0.3994,0.0
c-35t-P21L-W30G,2019-09-04,4'-DTMP,0.3997,0.41,0.3397,0.3259,0.3304,0.4073,0.3859,0.3472,0.4159,0.0007999999999999952,0.0,0.038500000000000006
c-35t-P21L-W30G,2019-09-04,TMP,0.3332,0.4378,0.5093,0.48660000000000003,0.34750000000000003,0.3799,0.3792,0.405,0.3659,0.2873,0.2455,0.006000000000000005
c-35t-P21L-W30G-I94L,2019-08-14,4'-DTMP,0.442,0.3201,0.3069,0.3727,0.0,0.0,0.0,0.0,9.999999999999593e-05,0.0,0.001899999999999999,0.0
c-35t-P21L-W30G-I94L,2019-08-14,TMP,0.3628,0.428,0.5701999999999999,0.4175,0.5901,0.0389,0.0,0.0,0.0,0.0005000000000000004,0.0,0.0
c-35t-P21L-W30G-I94L,2019-08-21,4'-DTMP,0.4071,0.3755,0.41269999999999996,0.46549999999999997,0.0,0.3967,0.4027,0.0,0.0,0.0012999999999999956,0.0,0.0
c-35t-P21L-W30G-I94L,2019-08-21,TMP,0.3927,0.3648,0.6346999999999999,0.4705,0.31720000000000004,0.38230000000000003,0.6002,0.4311,0.0,0.0,0.0,0.0
c-35t-P21L-W30G-I94L,2019-09-04,4'-DTMP,0.34909999999999997,0.3273,0.40299999999999997,0.29860000000000003,0.0,0.0,0.0,0.0,0.0,0.0,0.0015000000000000013,0.048500000000000015
c-35t-P21L-W30G-I94L,2019-09-04,TMP,0.5636000000000001,0.47369999999999995,0.523,0.4407,0.4737,0.0011000000000000038,0.0,0.0003999999999999976,0.0,0.0,0.0,0.024000000000000007
c-35t-P21L-W30R,2019-08-14,4'-DTMP,0.3858,0.5025000000000001,0.4977,0.5662,0.583,0.6023000000000001,0.49520000000000003,0.5259999999999999,0.3699,0.0010000000000000009,0.0007999999999999952,0.0
c-35t-P21L-W30R,2019-08-14,TMP,0.5473,0.5339,0.6101,0.5365,0.5151,0.5553,0.5403,0.5217,0.4546,0.4577,0.24109999999999998,0.0
c-35t-P21L-W30R,2019-08-21,4'-DTMP,0.568,0.5367,0.48339999999999994,0.49489999999999995,0.49710000000000004,0.6309,0.5928,0.5361,0.5572999999999999,0.000899999999999998,0.0,0.0
c-35t-P21L-W30R,2019-08-21,TMP,0.6974,0.6829000000000001,0.6565,0.4923,0.5115999999999999,0.448,0.4868,0.5282,0.5711,0.5911,0.5488000000000001,0.0
c-35t-P21L-W30R,2019-09-04,4'-DTMP,0.38889999999999997,0.3111,0.314,0.3006,0.2957,0.355,0.35140000000000005,0.3578,0.3444,0.003499999999999996,0.0002999999999999947,0.03520000000000001
c-35t-P21L-W30R,2019-09-04,TMP,0.3754,0.2748,0.37649999999999995,0.48719999999999997,0.33030000000000004,0.383,0.45339999999999997,0.3673,0.4062,0.356,0.2777,0.1135
c-35t-P21L-W30R-I94L,2019-08-14,4'-DTMP,0.5018,0.5701,0.5048999999999999,0.5101,0.49539999999999995,0.6098,0.6434000000000001,0.5861,0.3448,0.1514,0.0058,0.0
c-35t-P21L-W30R-I94L,2019-08-14,TMP,0.5624,0.45599999999999996,0.4669,0.48630000000000007,0.5239,0.7128000000000001,0.5445,0.6515,0.5593,0.5579999999999999,0.4925,0.2476
c-35t-P21L-W30R-I94L,2019-08-21,4'-DTMP,0.5013,0.3945,0.36239999999999994,0.4199,0.45130000000000003,0.461,0.4295,0.528,0.5257000000000001,0.31679999999999997,0.0003000000000000086,0.0
c-35t-P21L-W30R-I94L,2019-08-21,TMP,0.6111,0.521,0.5298999999999999,0.4374,0.38380000000000003,0.37020000000000003,0.5556,0.4426,0.5792,0.6451,0.4764,0.1695
c-35t-P21L-W30R-I94L,2019-09-04,4'-DTMP,0.3752,0.3952,0.3942,0.4245,0.4015,0.3624,0.4377,0.37529999999999997,0.49000000000000005,0.273,0.0011000000000000038,0.032799999999999996
c-35t-P21L-W30R-I94L,2019-09-04,TMP,0.4684,0.44430000000000003,0.5660999999999999,0.5516,0.4769,0.4293,0.42869999999999997,0.4033,0.43610000000000004,0.5415,0.3464,0.2527
c-35t-W30G-I94L,2019-08-14,4'-DTMP,0.44439999999999996,0.488,0.45970000000000005,0.44889999999999997,0.4308,0.5865,0.5819000000000001,0.5903999999999999,0.3704,0.2164,0.0007000000000000062,0.0
c-35t-W30G-I94L,2019-08-14,TMP,0.46840000000000004,0.5031,0.6287,0.4931,0.5291,0.6266,0.5823999999999999,0.618,0.6316,0.5367,0.5415000000000001,0.0
c-35t-W30G-I94L,2019-08-21,4'-DTMP,0.5408,0.5197999999999999,0.4615,0.4775,0.5916,0.5151,0.4311,0.5750000000000001,0.49200000000000005,0.2818,0.0,0.0
c-35t-W30G-I94L,2019-08-21,TMP,0.4959,0.32639999999999997,0.3841,0.3765,0.4578,0.43820000000000003,0.42769999999999997,0.49920000000000003,0.5796,0.59,0.0,0.26949999999999996
c-35t-W30G-I94L,2019-09-04,4'-DTMP,0.3907,0.3442,0.35409999999999997,0.294,0.2881,0.3606,0.35660000000000003,0.3316,0.4277,0.1748,0.0003999999999999976,0.03870000000000001
c-35t-W30G-I94L,2019-09-04,TMP,0.4844,0.37320000000000003,0.5291,0.5882999999999999,0.43799999999999994,0.40040000000000003,0.4815,0.4747,0.5217,0.5616,0.4394,0.0898
c-35t-W30R,2019-08-14,4'-DTMP,0.5035999999999999,0.4099,0.45559999999999995,0.5950000000000001,0.6261,0.6555,0.5821000000000001,0.5027999999999999,0.0,0.0,0.004500000000000004,0.0
c-35t-W30R,2019-08-14,TMP,0.6097,0.6955,0.5492,0.4222,0.7117,0.5715,0.7037,0.6467,0.5174,0.4455,0.0,0.0
c-35t-W30R,2019-08-21,4'-DTMP,0.4411,0.4324,0.4593999999999999,0.5891000000000001,0.5721999999999999,0.6347999999999999,0.6086,0.5789000000000001,0.0,0.0022000000000000006,0.0,0.0
c-35t-W30R,2019-08-21,TMP,0.43069999999999997,0.3906,0.4283,0.5408,0.6051,0.5984999999999999,0.578,0.6668000000000001,0.7578,0.6073999999999999,0.0,0.0
c-35t-W30R,2019-09-04,4'-DTMP,0.3689,0.3785,0.412,0.5448,0.6405,0.6122,0.6043,0.5756,0.0,0.0022000000000000006,0.0011000000000000038,0.021100000000000008
c-35t-W30R,2019-09-04,TMP,0.3538,0.4582,0.5291,0.5646,0.6332,0.6037,0.6802,0.6992,0.7115,0.6081,0.0,0.006500000000000006
c-35t-W30R-I94L,2019-08-14,4'-DTMP,0.5745,0.5864,0.5948,0.5374,0.5105999999999999,0.6556000000000001,0.5218,0.5815999999999999,0.30920000000000003,0.0,0.0,0.0
c-35t-W30R-I94L,2019-08-14,TMP,0.5856,0.5831000000000001,0.5785,0.5661,0.5529999999999999,0.6781,0.6233,0.5591,0.3448,0.25680000000000003,0.1606,0.0833
c-35t-W30R-I94L,2019-08-21,4'-DTMP,0.605,0.5462999999999999,0.45619999999999994,0.6354000000000001,0.4634,0.5440999999999999,0.47769999999999996,0.5439,0.5035000000000001,0.285,0.0,0.0
c-35t-W30R-I94L,2019-08-21,TMP,0.296,0.49310000000000004,0.6851999999999999,0.5156,0.4789,0.47690000000000005,0.5216999999999999,0.465,0.5396000000000001,0.6494,0.5950000000000001,0.19820000000000002
c-35t-W30R-I94L,2019-09-04,4'-DTMP,0.6348,0.5213000000000001,0.3726,0.3547,0.3389,0.3901,0.48819999999999997,0.5505,0.44,0.1124,0.0011000000000000038,0.03459999999999999
c-35t-W30R-I94L,2019-09-04,TMP,0.3954,0.3788,0.5166,0.5541,0.4637,0.4932,0.5017,0.4542,0.38460000000000005,0.3748,0.24930000000000002,0.194
