Well,MutantCode,MutantName
1,#000001,I94L
2,#000010,W30R
3,#000011,W30R-I94L
4,#000020,W30G
5,#000021,W30G-I94L
6,#000100,L28R
7,#000101,L28R-I94L
8,#000110,L28R-W30R
9,#000000,WT1
10,#000120,L28R-W30G
11,#000121,L28R-W30G-I94L
12,#001000,A26T
13,#001001,A26T-I94L
14,#001010,A26T-W30R
15,#001011,A26T-W30R-I94L
16,#001020,A26T-W30G
17,#001021,A26T-W30G-I94L
18,#001100,A26T-L28R
19,#001101,A26T-L28R-I94L
20,#001110,A26T-L28R-W30R
21,#001111,A26T-L28R-W30R-I94L
22,#001120,A26T-L28R-W30G
23,#001121,A26T-L28R-W30G-I94L
24,#010000,P21L
25,#010001,P21L-I94L
26,#010010,P21L-W30R
27,#010011,P21L-W30R-I94L
28,#010020,P21L-W30G
29,#010021,P21L-W30G-I94L
30,#010100,P21L-L28R
31,#010101,P21L-L28R-I94L
32,#010110,P21L-L28R-W30R
33,#010111,P21L-L28R-W30R-I94L
34,#010120,P21L-L28R-W30G
35,#010121,P21L-L28R-W30G-I94L
36,#011000,P21L-A26T
37,#011001,P21L-A26T-I94L
38,#011010,P21L-A26T-W30R
39,#011011,P21L-A26T-W30R-I94L
40,Blank,
41,#011021,P21L-A26T-W30G-I94L
42,#011100,P21L-A26T-L28R
43,#011101,P21L-A26T-L28R-I94L
44,#011110,P21L-A26T-L28R-W30R
45,#011111,P21L-A26T-L28R-W30R-I94L
46,#011120,P21L-A26T-L28R-W30G
47,#011121,P21L-A26T-L28R-W30G-I94L
48,#100000,c-35t
49,#100001,c-35t-I94L
50,#100010,c-35t-W30R
51,#100011,c-35t-W30R-I94L
52,#000000,WT2
53,#100021,c-35t-W30G-I94L
54,#100100,c-35t-L28R
55,#100101,c-35t-L28R-I94L
56,#100110,c-35t-L28R-W30R
57,#100111,c-35t-L28R-W30R-I94L
58,#100120,c-35t-L28R-W30G
59,#100121,c-35t-L28R-W30G-I94L
60,#101000,c-35t-A26T
61,#101001,c-35t-A26T-I94L
62,#101010,c-35t-A26T-W30R
63,#101011,c-35t-A26T-W30R-I94L
64,#101020,c-35t-A26T-W30G
65,#101021,c-35t-A26T-W30G-I94L
66,#101100,c-35t-A26T-L28R
67,#101101,c-35t-A26T-L28R-I94L
68,#101110,c-35t-A26T-L28R-W30R
69,#101111,c-35t-A26T-L28R-W30R-I94L
70,#101120,c-35t-A26T-L28R-W30G
71,#101121,c-35t-A26T-L28R-W30G-I94L
72,#110000,c-35t-P21L
73,#110001,c-35t-P21L-I94L
74,#110010,c-35t-P21L-W30R
75,#110011,c-35t-P21L-W30R-I94L
76,#110020,c-35t-P21L-W30G
77,#110021,c-35t-P21L-W30G-I94L
78,#110100,c-35t-P21L-L28R
79,#000000,WT3
80,#110110,c-35t-P21L-L28R-W30R
81,#110111,c-35t-P21L-L28R-W30R-I94L
82,#110120,c-35t-P21L-L28R-W30G
83,#110121,c-35t-P21L-L28R-W30G-I94L
84,#111000,c-35t-P21L-A26T
85,#111001,c-35t-P21L-A26T-I94L
86,#111010,c-35t-P21L-A26T-W30R
87,#111011,c-35t-P21L-A26T-W30R-I94L
88,Blank,
89,#111021,c-35t-P21L-A26T-W30G-I94L
90,#111100,c-35t-P21L-A26T-L28R
91,#111101,c-35t-P21L-A26T-L28R-I94L
92,#111110,c-35t-P21L-A26T-L28R-W30R
93,#111111,c-35t-P21L-A26T-L28R-W30R-I94L
94,#000000,WT4
95,#111121,c-35t-P21L-A26T-L28R-W30G-I94L
96,Blank,