Sl No.,Mutant,Mean IC95 (µg/mL) ± SEM,,Sl No.,Mutant,Mean IC95 (µg/mL) ± SEM,
,,TMP,4'-DTMP,,,TMP,4'-DTMP
1,MG1655*,0.4±0,1.1±0,47,P21L-A26T-L28R-W30G-I94L,3±0,1±0
2,WT,16±2,9±0,48,c-35t,97±0,31±0
3,I94L,76±17,24±5,49,c-35t-I94L,678±157,215±50
4,W30R,33±0,11±0,50,c-35t-W30R,871±0,93±0
5,W30R-I94L,162±52,65±22,51,c-35t-W30R-I94L,>2612,645±150
6,W30G,25±5,11±0,52,c-35t-W30G-I94L,>2612,829±0
7,W30G-I94L,>2612,133±60,53,c-35t-L28R,>2612,277±0
8,L28R,140±63,42±21,54,c-35t-L28R-I94L,>2612,215±50
9,L28R-I94L,871±0,93±0,55,c-35t-L28R-W30R,>2612,>2487
10,L28R-W30R,>2612,72±16,56,c-35t-L28R-W30R-I94L,>2612,645±150
11,L28R-W30G,>2612,93±0,57,c-35t-L28R-W30G,>2612,645±150
12,L28R-W30G-I94L,4±0,2±0,58,c-35t-L28R-W30G-I94L,>2612,645±150
13,A26T,76±17,15±6,59,c-35t-A26T,291±0,93±0
14,A26T-I94L,162±52,52±16,60,c-35t-A26T-I94L,>2612,645±150
15,A26T-W30R,162±52,93±0,61,c-35t-A26T-W30R,>2612,645±150
16,A26T-W30R-I94L,1452±474,399±180,62,c-35t-A26T-W30R-I94L,>2612,645±150
17,A26T-W30G,484±157,93±0,63,c-35t-A26T-W30G,>2612,829±0
18,A26T-W30G-I94L,0±0,0±0,64,c-35t-A26T-W30G-I94L,>2612,829±0
19,A26T-L28R,>2612,277±0,65,c-35t-A26T-L28R,>2612,645±150
20,A26T-L28R-I94L,>2612,829±0,66,c-35t-A26T-L28R-I94L,>2612,829±0
21,A26T-L28R-W30R,5±2,2±0,67,c-35t-A26T-L28R-W30R,>2612,829±0
22,A26T-L28R-W30R-I94L,3±0,1±0,68,c-35t-A26T-L28R-W30R-I94L,>2612,645±150
23,A26T-L28R-W30G,>2612,829±0,69,c-35t-A26T-L28R-W30G,>2612,645±150
24,A26T-L28R-W30G-I94L,25±5,4±0,70,c-35t-A26T-L28R-W30G-I94L,>2612,645±150
25,P21L,97±0,31±0,71,c-35t-P21L,484±157,154±50
26,P21L-I94L,97±0,31±0,72,c-35t-P21L-I94L,2033±474,277±0
27,P21L-W30R,97±0,31±0,73,c-35t-P21L-W30R,>2612,277±0
28,P21L-W30R-I94L,291±0,72±16,74,c-35t-P21L-W30R-I94L,>2612,829±0
29,P21L-W30G,226±52,52±16,75,c-35t-P21L-W30G,>2612,277±0
30,P21L-W30G-I94L,3±0,1±0,76,c-35t-P21L-W30G-I94L,38±24,2±0
31,P21L-L28R,484±157,31±0,77,c-35t-P21L-L28R,>2612,277±0
32,P21L-L28R-I94L,4±0,2±0,78,c-35t-P21L-L28R-W30R,>2612,645±150
33,P21L-L28R-W30R,3±0,1±0,79,c-35t-P21L-L28R-W30R-I94L,>2612,18±5
34,P21L-L28R-W30R-I94L,4±0,3±0,80,c-35t-P21L-L28R-W30G,>2612,645±150
35,P21L-L28R-W30G,3±0,1±0,81,c-35t-P21L-L28R-W30G-I94L,7±2,3±0
36,P21L-L28R-W30G-I94L,3±0,2±0,82,c-35t-P21L-A26T,1452±474,215±50
37,P21L-A26T,291±0,72±16,83,c-35t-P21L-A26T-I94L,>2612,645±150
38,P21L-A26T-I94L,226±52,31±0,84,c-35t-P21L-A26T-W30R,>2612,645±150
39,P21L-A26T-W30R,291±0,72±16,85,c-35t-P21L-A26T-W30R-I94L,>2612,645±150
40,P21L-A26T-W30R-I94L,3±0,1±0,86,c-35t-P21L-A26T-W30G-I94L,1±0,1±0
41,P21L-A26T-W30G-I94L,3±0,2±0,87,c-35t-P21L-A26T-L28R,>2612,645±150
42,P21L-A26T-L28R,>2612,65±22,88,c-35t-P21L-A26T-L28R-I94L,>2612,645±150
43,P21L-A26T-L28R-I94L,2±0,2±0,89,c-35t-P21L-A26T-L28R-W30R,>2612,645±150
44,P21L-A26T-L28R-W30R,7±2,2±0,90,c-35t-P21L-A26T-L28R-W30R-I94L,9±2,2±0
45,P21L-A26T-L28R-W30R-I94L,4±0,2±0,91,c-35t-P21L-A26T-L28R-W30G-I94L,4±0,2±0
46,P21L-A26T-L28R-W30G,3±0,2±0,,,,