,CellType,Drug,Replicate,0.05,0.15,0.46,1.37,4.12,12.35,37.04,111.11,333.33,1000.0,3000.0,9000.0,IC95
0,L28R,TMP,1,0.1628,0.1933,0.22459999999999997,0.1636,0.2239,0.2167,0.24819999999999998,0.1994,0.22300000000000003,0.038900000000000004,0.0,0.0,3000.0
1,L28R,TMP,2,0.2405,0.1929,0.2464,0.1944,0.2178,0.2106,0.2465,0.2549,0.2882,0.1,0.0,0.0,3000.0
2,L28R,TMP,3,0.2741,0.3494,0.19440000000000002,0.177,0.2595,0.1689,0.21949999999999997,0.305,0.15860000000000002,0.04869999999999999,0.0,0.0,3000.0
3,L28R,TMP,4,0.28250000000000003,0.206,0.2203,0.2032,0.2713,0.22810000000000002,0.19390000000000002,0.2761,0.1264,0.039400000000000004,0.0,0.0,3000.0
4,L28R,TMP,5,0.2793,0.1536,0.1638,0.1923,0.1792,0.23270000000000002,0.20739999999999997,0.23819999999999997,0.1131,0.0378,0.0,0.0,3000.0
5,L28R,TMP,6,0.2851,0.1494,0.1769,0.1697,0.2202,0.2554,0.2596,0.22499999999999998,0.11450000000000002,0.0476,0.0,0.0,3000.0
6,L28R,TMP,7,0.31070000000000003,0.1348,0.1587,0.2034,0.1968,0.20779999999999998,0.2532,0.294,0.3047,0.0383,0.0,0.0,3000.0
7,L28R,V041,1,0.36669999999999997,0.2101,0.2288,0.1754,0.3467,0.32689999999999997,0.3008,0.06470000000000001,0.0010000000000000009,0.0,0.0,0.0,333.33
8,L28R,V041,2,0.3595,0.1921,0.1932,0.17020000000000002,0.15460000000000002,0.1569,0.1623,0.060599999999999994,0.0008000000000000021,0.0023999999999999994,0.004299999999999998,0.0,333.33
9,L28R,V041,3,0.1436,0.29419999999999996,0.1947,0.2647,0.2587,0.1794,0.1451,0.0,0.0,0.0010000000000000009,0.002799999999999997,0.0,111.11
10,L28R,V041,4,0.3026,0.17459999999999998,0.19490000000000002,0.2172,0.1617,0.185,0.1462,0.0663,0.0,0.0016000000000000042,0.004299999999999998,0.0,333.33
11,L28R,V041,5,0.1825,0.1784,0.2279,0.2188,0.16040000000000001,0.28759999999999997,0.1763,0.0658,0.0,0.0006000000000000033,0.004699999999999996,0.0,333.33
12,L28R,V041,6,0.2642,0.19479999999999997,0.1894,0.1699,0.1918,0.1403,0.15000000000000002,0.11069999999999999,0.0005000000000000004,0.0011000000000000038,0.004599999999999993,0.006000000000000005,333.33
13,L28R,V041,7,0.1689,0.14250000000000002,0.1701,0.1573,0.2914,0.14950000000000002,0.1488,0.0579,0.0001999999999999988,0.0016000000000000042,0.004900000000000002,0.0,333.33
14,MG1655,TMP,1,0.33240000000000003,0.3404,0.16049999999999998,0.5442,0.0010000000000000009,0.0007999999999999952,0.0011999999999999997,0.0022000000000000006,0.002700000000000001,0.000899999999999998,0.0015000000000000013,0.003500000000000003,4.12
15,MG1655,TMP,2,0.3259,0.355,0.2989,0.0001999999999999988,0.0015000000000000013,0.0007999999999999952,0.0016000000000000042,0.0017000000000000001,0.0013999999999999985,0.0013999999999999985,0.0011999999999999997,0.004400000000000001,1.37
16,MG1655,TMP,3,0.3335,0.4061,0.34759999999999996,0.0005000000000000004,0.0005000000000000004,0.0,0.00010000000000000286,0.0011999999999999997,0.0012999999999999956,0.0,0.0,0.0,1.37
17,MG1655,TMP,4,0.3251,0.4081,0.3104,0.0,0.0,0.0,0.0,0.00010000000000000286,0.0001999999999999988,0.0,0.0,0.0046,1.37
18,MG1655,TMP,5,0.3235,0.3851,0.3619,0.4073,0.00020000000000000573,0.0,0.0,0.0,0.0,0.0,0.0,0.0,4.12
19,MG1655,TMP,6,0.3612,0.352,0.3514,0.0,0.0007000000000000062,0.0001999999999999988,0.0,0.0,0.0,0.0,0.0,0.0,1.37
20,MG1655,TMP,7,0.4069,0.2987,0.3039,0.0,0.0,0.0,0.0,0.0,0.0003999999999999976,0.0,0.0,0.008099999999999996,1.37
21,MG1655,V041,1,0.36569999999999997,0.3765,0.23170000000000002,0.0,0.0,0.0,0.0,0.0,0.0,0.0006000000000000033,0.0050000000000000044,0.027200000000000016,1.37
22,MG1655,V041,2,0.3564,0.5378999999999999,0.30360000000000004,0.0,0.0,0.0,0.0,0.0,0.0,0.0016999999999999932,0.0050000000000000044,0.013200000000000003,1.37
23,MG1655,V041,3,0.3961,0.3099,0.31210000000000004,0.0,0.0,0.0,0.0,0.0,0.0,0.0006999999999999923,0.0039000000000000007,0.010400000000000006,1.37
24,MG1655,V041,4,0.3933,0.35309999999999997,0.3186,0.0,0.0,0.0,0.0,0.0,0.0,0.000899999999999998,0.0034000000000000002,0.028200000000000017,1.37
25,MG1655,V041,5,0.40509999999999996,0.4316,0.29450000000000004,0.0,0.00030000000000000165,0.0,0.0,0.0,0.0,0.0006000000000000033,0.003500000000000003,0.031500000000000014,1.37
26,MG1655,V041,6,0.3821,0.3721,0.31320000000000003,0.0,0.0,0.0,0.0,0.0,0.0,0.0006000000000000033,0.004100000000000006,0.009300000000000003,1.37
27,MG1655,V041,7,0.3988,0.2959,0.3136,0.0,0.0,0.0,0.0,0.0,0.0007999999999999952,0.0016999999999999932,0.004900000000000002,0.007200000000000012,1.37
28,WT,TMP,1,0.1587,0.2985,0.2457,0.2675,0.0005000000000000004,0.0,0.0001999999999999988,0.0012999999999999956,0.0011000000000000038,0.0,0.0,0.0,4.12
29,WT,TMP,2,0.19090000000000001,0.2407,0.2505,0.305,0.0008000000000000021,0.0,0.0003999999999999976,0.0003999999999999976,0.0011000000000000038,0.0,0.0,0.0,4.12
30,WT,TMP,3,0.21150000000000002,0.1712,0.2041,0.29009999999999997,0.0,0.0,0.0,0.0017000000000000001,0.0,0.0,0.0,0.0,4.12
31,WT,TMP,4,0.22910000000000003,0.1795,0.2325,0.2869,0.0006000000000000033,0.0,0.0008000000000000021,0.0,0.0001999999999999988,0.0,0.0,0.0022999999999999965,4.12
32,WT,TMP,5,0.21539999999999998,0.2581,0.2631,0.309,0.0,0.0,0.0,0.0,0.0,0.0,0.0,0.0,4.12
33,WT,TMP,6,0.1857,0.26470000000000005,0.25110000000000005,0.298,0.0267,0.0,0.0,0.0,0.0,0.0,0.0,0.0,12.35
34,WT,TMP,7,0.2475,0.2922,0.312,0.3018,0.0,0.0,0.0,0.0,0.0,0.0,0.0,0.0,4.12
35,WT,V041,1,0.12480000000000001,0.1978,0.1804,0.2011,0.0,0.0,0.0,0.0,0.0007000000000000062,0.0,0.0,0.0,4.12
36,WT,V041,2,0.1916,0.194,0.2045,0.19619999999999999,0.0,0.0,0.0,0.0,0.00020000000000000573,0.0007999999999999952,0.005399999999999988,0.03329999999999998,4.12
37,WT,V041,3,0.1864,0.1622,0.21189999999999998,0.1865,0.0,0.0,0.0,0.00030000000000000165,0.0,0.0,0.00399999999999999,0.012899999999999981,4.12
38,WT,V041,4,0.1961,0.21330000000000002,0.22649999999999998,0.2044,0.0,0.0,0.0,0.0,0.0,0.0007999999999999952,0.006199999999999997,0.01139999999999998,4.12
39,WT,V041,5,0.18209999999999998,0.209,0.1838,0.2185,0.2463,0.0,0.0,0.0,0.0,0.0,0.0059999999999999915,0.02489999999999999,12.35
40,WT,V041,6,0.15150000000000002,0.1929,0.1925,0.1717,0.2822,0.0,0.0,0.0,0.0008000000000000021,0.0006000000000000033,0.006699999999999998,0.04179999999999999,12.35
41,WT,V041,7,0.1422,0.21480000000000002,0.2178,0.185,0.0,0.0,0.0,0.0,0.00010000000000000286,0.000899999999999998,0.007499999999999993,0.008199999999999999,4.12
