Drug,Replica,Mutation,0.0,2.0,3.0,4.0,5.0,6.0,7.0,8.0,9.0,10.0,11.0,12.0,13.0,14.0,15.0,16.0,17.0,21.0
V041,8,Y151S,,,,,,,,,,,,,,90.87165606009312,,,99.85102790744502,100.13005823068865
V041,8,W30R,,,,,,4.446865742790088,,,,14.50777202072644,,,,96.18349551370936,,,97.2169650336854,97.47394691575458
V041,8,T123P,9.230587432229026,,,,,8.819239620133821,,8.988927385942974,,9.090295130681474,,,,9.064992657009663,,,9.65339159797423,9.334633915639753
V041,8,T35P,7.204173021698301,,,,,6.775852088937437,,7.007253397575427,,7.186457520050879,,,,6.359787691141037,,,6.925010083459883,6.6203500725104485
V041,8,N23H,2.5448347017415056,,,,,2.4549695256903816,,2.83065804289194,,1.5331109376109169,,,,2.764438266144281,,,3.239117619682905,2.8430744325654844
V041,8,H124Q,1.745169931832649,,,,,1.536317375943985,,1.6766409032539191,,1.7593030323495424,,,,1.7997523540760876,,,2.006157513159202,1.9272265082320863
V041,8,N23T,1.1851643311821023,,,,,1.1338486158874992,,1.3616486422791811,,1.082404712896594,,,,1.3458865158599729,,,1.619558809841479,1.6491855249401313
V041,8,L30Q,,,,,,,,,,,,,,1.2700619234171595,,,1.5140703049859014,1.5783616066911696
V041,8,D122H,1.7744665866441791,,,,,1.5395585518426007,,1.5046156082668891,,1.421624907138504,,,,1.5060327698908698,,,1.837322474923032,1.5547870296473636
V041,8,D27D,1.5644362009903112,,,,,1.4334842861520705,,1.4847207311005648,,1.5721484846334173,,,,1.4785795526348977,,,1.6660978561012934,1.480557148156889
V041,8,D27A,1.7227187830967654,,,,,1.6309714324628106,,1.7387205739872509,,1.8418624458797843,,,,1.4501453304688423,,,1.6226614129254666,1.4636943104785651
V041,8,V40G,1.1000632751233053,,,,,1.1747080254690316,,1.0657519180915986,,1.1143445240968215,,,,1.2700619234171595,,,1.3806583723744357,1.36251728440862
V041,8,L24R,1.1649219443484562,,,,,1.0555347475228951,,1.03171070203462,,1.1498332032081855,,,,1.2858587135094124,,,1.1758865688312556,1.2950659336953232
V041,8,F125S,1.2754765266568897,,,,,1.0760703983405209,,1.2259830882174734,,1.168366313230225,,,,1.1777579405073908,,,1.201708213328037,1.2769353551476497
V041,8,C85G,1.2603589907393258,,,,,1.1182056850225282,,1.1121071887190166,,1.2426555007766538,,,,1.2756644685691303,,,1.1619823219783498,1.2325973219828017
V041,8,V93A,1.031200423056582,,,,,0.978835121382042,,,,1.0670628756669138,,,,1.2295908083047824,,,1.251365577515146,1.1527888622860754
V041,8,Y111*,1.031200423056582,,,,,,,1.0127686380927032,,1.0366718443979204,,,,1.033777752181304,,,1.115635448737048,1.1025390913659143
V041,8,I50N,,,,,,,,,,1.04691603378523,,,,1.2005560470112469,,,1.113834507151504,1.0522410711274548
V041,8,K109N,,,,,,,,,,,,,,1.0395369597143471,,,,1.0375099760574706
V041,8,V119G,1.012981417660155,,,,,,,,,,,,,1.0712126011460863,,,1.0096997384712156,1.007951287280905
V041,8,G86G,0.8927893835410917,,,,,,,0.8916240641581699,,0.9522523130951592,,,,0.9848244881504344,,,0.9004535372595759,0.954745647483086
V041,8,P55P,0.8914040538541157,,,,,0.898907010793691,,,,,,,,,,,1.0362694300518147,0.9173383697008584
V041,8,A143A,,,,,,,,,,,,,,,,,1.0560466117125171,
V041,8,P21L,,,,,,,,,,61.93484278513921,,,,,,,,
V041,8,R52R,0.9616807220002906,,,,,,,,,,,,,,,,1.0207564146318768,
V041,8,V119A,,,,,,,,,,,,,,,,,1.0295626841460592,
V041,8,W30G,,,,,,,,,,21.07672652423861,,,,1.7850372804246033,,,,
V041,7,c-35t,,,,,,,99.63560241900946,,,99.61494031573773,,,,99.78809655421949,,,99.84436850835688,99.77273465143938
V041,7,A26T,,,,,,,,,,,,,,97.81033106070272,,,97.81439252973566,97.80526606275835
V041,7,P21S,,,,,,,,,,12.030975912376885,,,,97.45715865114616,,,97.61816151846894,97.62345378393637
V041,7,W30C,,,,92.2462579996612,,,96.6002481005062,,,96.28203482650106,,,,97.05177814626384,,,97.11743411040905,96.82153176841786
V041,7,T123P,9.230587432229026,,,9.124450708896406,,,8.697199387922469,,,9.456861331411087,,,,9.067310041534043,,,8.599030735875399,8.949294895440996
V041,7,T35P,7.204173021698301,,,6.886338393187836,,,6.853775779190682,,,6.836948615924162,,,,6.590504268779862,,,6.9695841932535005,6.6393948248431425
V041,7,H124Q,1.745169931832649,,,1.7287123787414012,,,1.7579445571331858,,,1.9626692301529816,,,,1.591131199609093,,,1.5336054074735417,1.8982492977328809
V041,7,D27D,1.5644362009903112,,,1.6872057967948448,,,1.6436656846022455,,,1.7883883112993728,,,,1.6645169215650075,,,1.5698480901309393,1.691503522612911
V041,7,D122H,1.7744665866441791,,,1.6540917005223468,,,1.5942493149709869,,,1.5861571737562925,,,,1.5697532372343068,,,1.5017217191684784,1.6315296654654812
V041,7,V40G,1.1000632751233053,,,1.1424340191463462,,,1.0699333229958112,,,1.2878107217729875,,,,1.148578097168474,,,1.1943025340866784,1.3148923736242342
V041,7,C85G,1.2603589907393258,,,1.0571262747699135,,,1.1316323262517292,,,1.2857486181206363,,,,1.1849499144881537,,,1.176508098456833,1.2825241892006911
V041,7,R52R,0.9616807220002906,,,0.9943407203681138,,,,,,1.1209515252641924,,,,1.0472329709477264,,,,1.2207395863770647
V041,7,W30G,,,,,,,,,,1.2621400761562498,,,,,,,1.008221402713396,1.2207395863770647
V041,7,F125S,1.2754765266568897,,,1.1939308515048463,,,1.0960464040425557,,,1.349835776656243,,,,1.3101636941119021,,,1.0712919270501242,1.217263002582072
V041,7,I50N,,,,,,,0.9962784927895798,,,1.3134813673897252,,,,,,,,1.2045063471965185
V041,7,A21V,,,,,,,,,,,,,,1.2253547079417677,,,1.2518185201475112,1.1590532774909883
V041,7,V31F,,,,1.06838736975723,,,1.4886028841680738,,,1.3776579814315697,,,,1.2253547079417677,,,1.2484352268498151,1.142820038310442
V041,7,N23H,2.5448347017415056,,,2.221399481673461,,,2.5817956272290163,,,1.5316818551319955,,,,1.0103801977765454,,,,1.1363267426382233
V041,7,C26Y,,,,,,,,,,,,,,1.1946440636324502,,,1.245051933552119,1.1071069121132395
V041,7,V93A,1.031200423056582,,,,,,,,,1.1455579588239968,,,,1.0627901294893751,,,,1.0697159719660634
V041,7,V119G,1.012981417660155,,,1.0239615288947783,,,1.0640190740542992,,,1.0654490106544885,,,,,,,,1.0328292143120612
V041,7,P55P,0.8914040538541157,,,0.9044269318241888,,,0.938129942626764,,,1.0482180293501022,,,,0.9182482648485928,,,0.8965727238894299,1.0324340118827262
V041,7,Y111*,1.031200423056582,,,,,,,,,1.165585195866374,,,,,,,,1.0299917714155995
V041,7,G86G,0.8927893835410917,,,1.0156703424259947,,,0.8967652396711828,,,0.9733237202595528,,,,0.9345223552406572,,,0.9054967478637952,0.9023068410748226
V041,7,A143A,,,,,,,,,,1.0013618521188816,,,,,,,,
V041,7,A26V,,,,,,,,,,3.6880160869379632,,,,,,,,
V041,7,D27A,1.7227187830967654,,,1.9569471624266257,,,1.6824313847107883,,,2.1221067043169635,,,,,,,,
V041,7,D27E,,,,3.861003861003824,,,,,,1.6001369101099632,,,,,,,,
V041,7,L24R,1.1649219443484562,,,1.3011054106944526,,,1.1397115831911884,,,1.0353827065417334,,,,,,,,
V041,7,N23T,1.1851643311821023,,,1.1265668799915356,,,1.2056132733757112,,,1.4503914773456597,,,,,,,,
V041,7,P21L,,,,,,,,,,5.223976383005977,,,,,,,,
V041,7,P21Q,,,,,,,,,,54.19501133788263,,,,,,,,
V041,6,c-35t,,,99.61282848602332,,99.7548944513888,,,99.77920883170324,99.83958291556543,,,99.74311069594114,,,,99.5079836613112,,99.79388526277252
V041,6,L28R,,,,,98.40987775357414,,,98.31340079735668,98.25947463403372,,,98.53339560953285,,,,98.04740685725193,,98.34726516276913
V041,6,A26T,,,,,,,,82.70469181236919,77.59374373369623,,,98.13171415226988,,,,97.61727936622593,,98.01900835907443
V041,6,T123P,9.230587432229026,,9.117202815180947,,9.31155824235332,,,9.00517099541653,9.393310769006971,,,9.272255539959641,,,,9.86760078370805,,9.403213715328516
V041,6,T35P,7.204173021698301,,6.865435034449277,,7.157082018443984,,,7.0285188592456285,7.262883497092514,,,6.917328351237797,,,,7.002723109295412,,7.122409252261424
V041,6,D27D,1.5644362009903112,,1.627949515273475,,1.4920800269616181,,,1.8061944188899104,1.792660918387809,,,1.7842129845866452,,,,2.0144819903453595,,1.897018970189691
V041,6,H124Q,1.745169931832649,,1.97319793039172,,1.5669644199825468,,,1.6012457398049025,1.6850456745641906,,,1.7651312151758878,,,,1.9800510597874152,,1.7893810501613483
V041,6,D122H,1.7744665866441791,,1.7161037375068096,,1.6241089957592605,,,1.4954753790104507,1.6632092295374403,,,1.6162647271490036,,,,1.7663124146529456,,1.6329324337537958
V041,6,F153S,,,,,,,,,,,,,,,,3.131864869678724,,1.5710048564258068
V041,6,R52R,0.9616807220002906,,1.1401743796110082,,1.0999111492386375,,,0.9843606255749764,0.9945859234008426,,,1.0789350770667931,,,,1.3770268597598756,,1.2366884232222537
V041,6,V40G,1.1000632751233053,,1.335284433875995,,1.26535739452802,,,1.143820913830113,1.2151594144776423,,,1.0976179355441402,,,,1.4946156702562268,,1.221420664910868
V041,6,C26Y,,,,,,,,1.1622201778595518,,,,,,,,1.089243718281963,,1.1832512691324033
V041,6,S28S,,,,,1.0968473298814267,,,1.3492793621588464,1.2472428313615405,,,,,,,1.0675826216115825,,1.171800450398864
V041,6,F125S,1.2754765266568897,,1.2308384484365416,,1.1278534692772748,,,1.1252791162298694,1.2519561815336473,,,1.2249585300497652,,,,1.404144154841761,,1.1635865845311406
V041,6,C85G,1.2603589907393258,,1.0283767715396748,,1.1940208728082062,,,1.1928546245152136,1.080904028824105,,,1.310025094636556,,,,1.1904055097072914,,1.0853622763273647
V041,6,I50N,,,1.0639595146637475,,1.0202518459511571,,,1.0119595216191348,1.0747944656105881,,,1.102288650163477,,,,1.1480381235301391,,1.0763769609527023
V041,6,N23H,2.5448347017415056,,2.7894640570696683,,1.675909188394265,,,1.159153633854645,1.0507319029476645,,,,,,,1.222304740685729,,1.0687430817970096
V041,6,Y111*,1.031200423056582,,,,,,,,,,,,,,,1.110253517781865,,1.0332127375248474
V041,6,P55P,0.8914040538541157,,0.9542101091396926,,0.9436563620208896,,,,0.9183878083015844,,,0.9948622139187314,,,,0.9778437925485784,,0.9427840757280764
V041,6,A143A,,,,,,,,,,,,,,,,1.1132221100753996,,
V041,6,D27A,1.7227187830967654,,1.9815864886287642,,1.4675694721039316,,,,,,,,,,,,,
V041,6,D27E,,,,,,,,,,,,,,,,1.0582992944671337,,
V041,6,G86G,0.8927893835410917,,0.9480348362631386,,0.9113056031760414,,,0.9049241979080948,0.8516213560432335,,,0.9867721492067508,,,,,,
V041,6,K109N,,,,,,,,,,,,,,,,1.0597874487917822,,
V041,6,L24R,1.1649219443484562,,1.131028595817337,,,,,,,,,,,,,,,
V041,6,L62P,,,,,,,,,,,,,,,,0.999504889218958,,
V041,6,N23T,1.1851643311821023,,1.283458325711858,,,,,,,,,,,,,,,
V041,6,V119G,1.012981417660155,,,,,,,,,,,,,,,1.0419758950305764,,
V041,6,V93A,1.031200423056582,,,,,,,,,,,,,,,,,
V041,5,c-35t,,,,,,,,,,,,,,,,,,99.35353686331268
V041,5,R98P,,,,,,,,,,,,,,,,,,99.16888196284904
V041,5,W30R,,,,,,,,,,,,,,,,,,97.2123612719702
V041,5,T123P,9.230587432229026,,9.710135444611733,,9.549162730786225,,9.159757132598056,,,,9.228725216325396,,8.778667837155881,,,,,9.087297949704825
V041,5,T35P,7.204173021698301,,7.37510421342939,,6.717940001699524,,7.235703270071736,,,,7.066011810793779,,6.934012042957432,,,,,6.823362355666772
V041,5,N23H,2.5448347017415056,,2.4658500609247835,,2.235064162488308,,2.4958297925912167,,,,3.1193357890429287,,2.635172884722852,,,,,2.3840663652330085
V041,5,H124Q,1.745169931832649,,1.969508604331624,,1.6960068699012338,,1.6811386041652934,,,,1.894120051781689,,1.5911335454844835,,,,,1.6133467778898165
V041,5,L30Q,,,,,,,,,,,,,,,,,,1.5320802660588153
V041,5,D122H,1.7744665866441791,,1.6717921873977732,,1.5199656504937646,,1.6876672977737015,,,,1.7135654425291202,,1.6898935586524877,,,,,1.509457023252972
V041,5,L24R,1.1649219443484562,,1.260180850381586,,1.0835387099515623,,1.1896893588896205,,,,1.0962988949307102,,1.1173877956421945,,,,,1.4872388924180695
V041,5,F125S,1.2754765266568897,,1.48858208466925,,1.1807642765135191,,1.1457857282757715,,,,1.2809157184710782,,1.243644610263728,,,,,1.436123078803435
V041,5,D27D,1.5644362009903112,,1.7058936702366632,,1.5042066796974538,,1.6680829635224943,,,,1.5728234812605917,,1.6357315786206603,,,,,1.4237136130936796
V041,5,D27A,1.7227187830967654,,1.8149169499134443,,1.6614260219257162,,1.517011298901587,,,,2.0376542127112147,,1.7350549382333005,,,,,1.2742423676245271
V041,5,V40G,1.1000632751233053,,1.2056692105431954,,1.1217812526557345,,1.1833947061970826,,,,1.2161609074431343,,1.2384381401700997,,,,,1.2555584619408828
V041,5,N23T,1.1851643311821023,,1.096645930866414,,1.0452961672473906,,1.173952727158276,,,,1.4208033678302,,1.2198150102427296,,,,,1.1584021523859336
V041,5,C85G,1.2603589907393258,,1.22358175750835,,1.2151137827393668,,1.1686361559052023,,,,1.178714996252643,,1.0461245839277196,,,,,1.1244538148929022
V041,5,G86G,0.8927893835410917,,1.0338284368252366,,0.978960927436664,,0.9695110008487328,,,,0.8618927573754896,,,,,,,1.0022305741436737
V041,5,A143A,,,1.0109271739841712,,,,,,,,,,,,,,,
V041,5,I50N,,,,,1.092037052774712,,1.0039971044597549,,,,1.1869262702449819,,,,,,,
V041,5,K109N,,,1.1712360138716291,,,,,,,,,,,,,,,
V041,5,P21L,,,5.374206374655381,,,,,,,,,,,,,,,
V041,5,P21Q,,,,,3.1741310444463564,,,,,,,,,,,,,
V041,5,P55P,0.8914040538541157,,0.965176681844414,,0.8710801393728262,,0.8655147452239276,,,,0.9735134186984707,,,,,,,
V041,5,R52R,0.9616807220002906,,,,,,,,,,1.0787581126118189,,1.0304798559811343,,,,,
V041,5,V119G,1.012981417660155,,,,,,,,,,1.0049737684813034,,,,,,,
V041,5,V93A,1.031200423056582,,,,,,,,,,,,,,,,,
V041,5,Y111*,1.031200423056582,,,,,,,,,,1.056074129590521,,,,,,,
V041,4,c-35t,,,,,,99.84980015777391,,,99.86386950914141,,99.79517759909895,,99.76311516862928,,99.78554195334816,,99.82224770644636,99.65047674979796
V041,4,I94L,,,,,,,,,,,,,3.98977935109528,,85.83087600154272,,95.01146788993105,99.10224722289902
V041,4,A26T,,,,,,,,,21.148844106280038,,87.08322530458393,,13.055281999414687,,84.93432222320902,,94.53841743121531,97.19822162578104
V041,4,W30R,,,,,,82.29169318497381,,,95.3107907722423,,97.91807103959887,,97.49807032020857,,97.78393351799849,,97.95871559635401,97.08917037169137
V041,4,T123P,9.230587432229026,,9.820491576912646,,,9.173074328882256,,,9.58300678323434,,9.454006683059577,,10.334261127141144,,9.962697274031138,,9.823354908306344,9.980397170374015
V041,4,T35P,7.204173021698301,,7.266071937399424,,,6.939741859932327,,,6.580450689160847,,6.398755509463166,,6.417183465970725,,6.475441575075159,,6.184059633027573,6.364119341218334
V041,4,H124Q,1.745169931832649,,1.5962441314553868,,,1.5998920814785031,,,2.072804907710209,,1.7054410188512503,,1.7823855366308514,,1.850789096126281,,1.6788025889967604,1.9886928605926093
V041,4,D122H,1.7744665866441791,,1.7122341894504147,,,1.5270470794550282,,,1.7160770748317888,,1.6360885190088719,,1.7134393912310903,,1.692969870875202,,1.6012675296655847,1.7699366459274233
V041,4,D27D,1.5644362009903112,,1.5518488481686987,,,1.5478221022886465,,,1.5922405620244713,,1.508944775732416,,1.477203162013261,,1.5726923420605812,,1.6657110091743237,1.6553421133574
V041,4,F125S,1.2754765266568897,,1.3504556752278276,,,1.2437609604748474,,,1.4161013971840215,,1.311392724292282,,1.4734046628022923,,1.4576757532281386,,1.3214670981661247,1.4346998494275278
V041,4,V40G,1.1000632751233053,,1.2033404204019973,,,1.186324177083074,,,1.3224104820477989,,1.0837438423645218,,1.1125602193180952,,1.0931403210913508,,1.201261467889916,1.364538769118936
V041,4,D94A,,,,,,,,,,,,,,,1.1169689929407536,,1.0579128440367038,1.3197997930822494
V041,4,C26Y,,,,,,,,,,,,,,,1.0990974890537015,,1.0263761467889971,1.3030226770684918
V041,4,L30Q,,,,,,1.0844937756167154,,,1.3151177771835645,,1.140782991962654,,1.5277740810731746,,1.2986626157924497,,1.0693807339449608,1.3030226770684918
V041,4,G86G,0.8927893835410917,,0.9831538249102392,,,0.9092135437744474,,,1.0053238926573491,,1.0339827249227682,,1.1899593983810526,,1.3199426111908332,,1.1630258899676351,1.227307593965728
V041,4,C85G,1.2603589907393258,,1.264843965755307,,,1.1898016997167178,,,1.0918033672945433,,1.1190971565475054,,1.2410306171956904,,1.1162123385939855,,1.2237055016181206,1.2045796755589555
V041,4,N23H,2.5448347017415056,,2.5842228700436443,,,2.1409841908301845,,,2.353112769526227,,,,2.451358760746332,,1.119947576921929,,,1.1967676089813608
V041,4,I50N,,,,,,,,,1.1303692539562933,,,,,,,,,1.0961049128988156
V041,4,R52R,0.9616807220002906,,,,,,,,,,,,,,,,,1.0206078908369067
V041,4,L62P,,,,,,,,,,,,,,,,,,1.0150155188323209
V041,4,P55P,0.8914040538541157,,,,,,,,,,0.9126263935701252,,,,,,0.8772935779816564,0.939518496770412
V041,4,A26V,,,,,,,,,1.2324671220555747,,,,,,,,,
V041,4,D27A,1.7227187830967654,,1.6614426933783533,,,1.1252259362032588,,,1.4269392517684918,,,,1.256288094541007,,,,,
V041,4,F125P,,,,,,,,,,,,,1.108245448277632,,1.0329985652797804,,,
V041,4,K109N,,,,,,,,,,,,,,,,,1.0180690399136982,
V041,4,L24R,1.1649219443484562,,1.3019748810906864,,,1.2015987373030277,,,1.2592070398911008,,,,1.219025312075808,,,,,
V041,4,N23T,1.1851643311821023,,1.2011485434978042,,,1.1990529772663687,,,1.3102559739407416,,,,1.3281520321524634,,,,,
V041,4,P21Q,,,,,,11.377001603828894,,,10.49906410287557,,,,,,,,,
V041,4,P21S,,,,,,3.4215014892696423,,,,,,,,,,,,
V041,4,R98P,,,,,,,,,1.4755560359970925,,8.085871004350643,,97.17576159948528,,60.35007173598877,,30.87918015102475,
V041,4,V119G,1.012981417660155,,,,,,,,,,,,,,,,,
V041,4,V93A,1.031200423056582,,,,,,,,0.9674891225035781,,,,,,,,,
V041,4,W30G,,,1.7074721083664082,,,,,,,,,,,,,,,
V041,4,Y111*,1.031200423056582,,,,,,,,1.089100883712131,,,,,,,,,
V041,4,Y151N,,,,,,,,,8.904683404048793,,9.40356850135602,,,,,,,
V041,3,c-35t,,,,,,99.5469842092231,,,,,99.83894111108192,,,99.86844650805452,,,99.85821453435379,99.87327656132908
V041,3,P21L,,,,,,53.99948226768444,,,,,79.59530293715191,,,98.70381118207216,,,98.6543270346749,98.57309407957364
V041,3,T123P,9.230587432229026,,9.300947867298477,,,9.787038254239992,,,,,9.50080964877975,,,9.046876282735528,,,9.1591279845766,9.782918352230617
V041,3,T35P,7.204173021698301,,7.0954182429589405,,,7.0346880662699816,,,,,6.7791150546137855,,,6.581543818920602,,,7.223324998066236,7.1750811030005455
V041,3,D27A,1.7227187830967654,,1.964410816869805,,,2.255371472948452,,,,,2.038127031538272,,,1.8688334300638585,,,1.7942306205047822,2.06812652068122
V041,3,H124Q,1.745169931832649,,1.6372253339077822,,,2.0113053766268103,,,,,1.756100284773041,,,1.6952631146867927,,,1.7232685748183183,1.86883938237138
V041,3,D122H,1.7744665866441791,,1.4002585092632405,,,1.866701722098084,,,,,1.5439164665810632,,,1.4407684098185585,,,1.423698650452316,1.7349438778417228
V041,3,D27D,1.5644362009903112,,1.6225304749894751,,,1.8379497799637368,,,,,1.4407449705701514,,,1.5747726833043243,,,1.5003480188703715,1.7133008921329786
V041,3,F125S,1.2754765266568897,,1.1471348556656618,,,1.4328907585119015,,,,,1.2116812775699402,,,1.1739594450373452,,,1.254634435711107,1.3731411315594586
V041,3,C85G,1.2603589907393258,,1.3544808272296358,,,1.137110556066778,,,,,1.2368083086716215,,,1.2437402512108933,,,1.2309061248702355,1.279129394336508
V041,3,N23T,1.1851643311821023,,1.2526271542664944,,,1.258736733108978,,,,,,,,,,,,1.1253041362530365
V041,3,A21A,,,,,,,,,,,,,,,,,1.0956149622335076,1.1177007299270028
V041,3,V40G,1.1000632751233053,,1.3394983886787095,,,1.4172922599016216,,,,,1.1537673138305626,,,1.075643257883536,,,,1.092356042173557
V041,3,I50N,,,1.1629536219700145,,,1.174605229096555,,,,,,,,1.129812342812924,,,,1.0822181670721789
V041,3,P55P,0.8914040538541157,,0.9303628975760162,,,1.028993010613515,,,,,1.0805587279276063,,,0.9673050880247612,,,,1.0112530413625305
V041,3,R52R,0.9616807220002906,,1.0985007706319192,,,1.1519544395547487,,,,,1.0717736976192516,,,1.0679048171793375,,,,0.9884428223844288
V041,3,G86G,0.8927893835410917,,0.9559457130547228,,,0.8873406073353439,,,,,0.9101569043497648,,,0.8866267137345001,,,,0.960059255882858
V041,3,A143A,,,,,,1.114105429209935,,,,,,,,,,,,
V041,3,A26V,,,,,,,,,,,5.338370084043495,,,,,,,
V041,3,I155S,,,,,,1.0187984750887285,,,,,,,,,,,,
V041,3,I94L,,,,,,0.7410044007248271,,,,,,,,,,,,
V041,3,K109N,,,,,,1.0976731957407615,,,,,,,,1.0056645595599645,,,,
V041,3,L24R,1.1649219443484562,,1.1769651113913393,,,1.025757183536114,,,,,,,,,,,,
V041,3,L62P,,,,,,0.970748123220298,,,,,,,,,,,,
V041,3,N23H,2.5448347017415056,,2.704217458315822,,,1.6761584260936926,,,,,,,,,,,,
V041,3,P21S,,,,,,,,,,,15.5787870801475,,,,,,,
V041,3,V119G,1.012981417660155,,1.0017233950883293,,,1.1535427895359516,,,,,1.024624490479644,,,,,,,
V041,3,V93A,1.031200423056582,,,,,1.0516629420270756,,,,,,,,,,,,
V041,3,W30C,,,,,,42.74527569247334,,,,,19.47641219362001,,,,,,,
V041,3,W30G,,,36.208490962594695,,,1.0419363189231186,,,,,1.1186271925971436,,,,,,,
V041,3,Y111*,1.031200423056582,,,,,1.0746680688839183,,,,,,,,1.149330925211387,,,,
V041,2,c-35t,,,2.0835765145324765,,,99.81247069852951,,,,,,99.77662400389907,,,99.86581772264013,,99.80869787019121,99.87663260660193
V041,2,W30G,,,,,,91.0346568574345,,,,,,98.14054576192785,,,98.06093454014824,,96.88496365261608,52.079813339786504
V041,2,A26T,,,,,,,,,,,,97.42513885538321,,,97.76362870979608,,96.58206861371788,51.833078552863206
V041,2,F153S,,,,,,1.4880531599038682,,,,,,,,,,,1.3079198159710947,50.82482693888518
V041,2,D27E,,,,,,,,,,,,1.12895435885052,,,1.1418648705535708,,2.432725417676326,45.1256470083505
V041,2,T123P,9.230587432229026,,9.237312899769911,,,8.938922663650466,,,,,,9.257114997867637,,,8.95705849343989,,8.87282287216511,9.121201454886826
V041,2,T35P,7.204173021698301,,7.079491070386534,,,7.3605250820443215,,,,,,7.084641390967917,,,7.0643022521569465,,7.138757811503665,7.163354520342122
V041,2,D27D,1.5644362009903112,,1.6896229718687754,,,1.6228497241155342,,,,,,2.1069789905819865,,,1.7785729320143182,,1.7153424308124023,1.9121945986536688
V041,2,H124Q,1.745169931832649,,1.5487515828435805,,,1.5198642725858993,,,,,,1.9897617161313799,,,1.4536514977420243,,1.5511008872823049,1.7012788924087447
V041,2,D122H,1.7744665866441791,,1.487061268222978,,,1.3042556199632442,,,,,,1.5692607715278168,,,1.4696844186730027,,1.4327965823200943,1.5393640736829517
V041,2,V40G,1.1000632751233053,,1.2810785572545729,,,1.2802481156911498,,,,,,1.3221444095629085,,,1.2655230477794184,,1.20520341793139,1.2953576313460362
V041,2,C85G,1.2603589907393258,,1.211078281762388,,,1.222960554220276,,,,,,1.3193978914010622,,,1.31737166982871,,1.2356227407164109,1.231960577261518
V041,2,N23H,2.5448347017415056,,2.620520602311184,,,2.4775505788163668,,,,,,1.0836754407148042,,,,,1.1414360413212634,1.2175825354681171
V041,2,F125S,1.2754765266568897,,1.1396473911490588,,,1.056835854658558,,,,,,1.30111524163569,,,1.157042460518928,,1.1600394347683318,1.2155344362313651
V041,2,Y111*,1.031200423056582,,,,,,,,,,,1.148759826924254,,,,,,1.06065939223278
V041,2,I50N,,,,,,,,,,,,1.2466795460033815,,,1.0813512944643262,,,1.0593504438544203
V041,2,R52R,0.9616807220002906,,,,,1.1504201377619094,,,,,,1.2406423569186196,,,1.0366238686592324,,,1.0110762464129537
V041,2,P55P,0.8914040538541157,,0.895879537761178,,,,,,,,,1.0534894952909932,,,0.8682382656282911,,,0.9869391476922199
V041,2,G86G,0.8927893835410917,,0.9221078606448264,,,0.9649370846882472,,,,,,1.0268754951551051,,,0.8631055767843279,,0.9431482090042796,0.9832218702334868
V041,2,C26Y,,,,,,,,,,,,1.1681960879014741,,,1.0760892443696093,,1.0170896569315169,
V041,2,D27A,1.7227187830967654,,1.8647134352748624,,,1.568754733311684,,,,,,,,,,,,
V041,2,F153V,,,,,,,,,,,,,,,,,1.0548800525797004,
V041,2,G51G,,,,,,,,,,,,1.0504709007486122,,,,,,
V041,2,L24R,1.1649219443484562,,1.2664876853040656,,,1.4281077572216736,,,,,,,,,,,,
V041,2,L30R,,,,,,,,,,,,1.2014006278676657,,,1.1102925699852693,,1.0425966075755673,
V041,2,L62P,,,,,,,,,,,,0.9750060371890856,,,,,,
V041,2,N23T,1.1851643311821023,,1.3336056962763991,,,1.2477911212088395,,,,,,,,,,,,
V041,2,P21L,,,,,,4.623318547369166,,,,,,,,,,,,
V041,2,V119G,1.012981417660155,,,,,1.0144210377491834,,,,,,,,,,,1.0581662832730951,
V041,2,V93A,1.031200423056582,,,,,,,,,,,,,,,,,
V041,1,I94L,,,,,,,,1.1454888993859311,,,98.52611342520906,,,,,,99.50419803129013,99.5853408104142
V041,1,P21Q,,,,,,1.602676523756854,,1.32262635805386,,,96.7138138392446,,,,,,97.76478271191476,97.96963946863545
V041,1,T123P,9.230587432229026,,9.223747186915608,,,9.444685901508127,,9.648273636656596,,,9.397171236325583,,,,,,9.300810654314118,9.699075902376878
V041,1,T35P,7.204173021698301,,6.849027564012622,,,6.87478077867371,,6.660368445914108,,,7.326162446006434,,,,,,7.091545951080343,6.752055660973755
V041,1,D27A,1.7227187830967654,,1.9203861760179224,,,2.0343739038933797,,1.5273185325145775,,,2.20631828576269,,,,,,1.8107337924483344,2.3719165085388805
V041,1,D27D,1.5644362009903112,,1.6510423954106694,,,1.7672611499339046,,1.7083923791529043,,,1.8717709833149945,,,,,,1.8226074566611103,1.9291587602783111
V041,1,H124Q,1.745169931832649,,1.8257314019461648,,,2.1630838153187844,,1.7173998780968869,,,1.7302146747837317,,,,,,1.6574985524030053,1.7968564884290423
V041,1,D122H,1.7744665866441791,,1.5372911978192545,,,1.6983718364481406,,1.5739844394249127,,,1.675287224790597,,,,,,1.5344528083381537,1.6507384882710745
V041,1,C85G,1.2603589907393258,,1.1759485245174106,,,1.2202868509912803,,1.3409343515829544,,,1.272485924840944,,,,,,1.2485524030109978,1.4651291367190613
V041,1,N23T,1.1851643311821023,,1.2347838253812782,,,1.5379219167363751,,1.4682727129586013,,,1.0798678749894108,,,,,,1.2912609831393882,1.429475015812781
V041,1,V40G,1.1000632751233053,,1.2697635371484541,,,1.4084127026954172,,1.3108171941426647,,,1.2196154823409844,,,,,,1.2081453336499568,1.3598987982289727
V041,1,G86G,0.8927893835410917,,0.8875083203905002,,,0.8993346929223393,,0.9572980531354228,,,1.2267130498466654,,,,,,1.1978865083960588,1.30716373114288
V041,1,F125S,1.2754765266568897,,1.2266632856825816,,,1.2904951355688612,,1.3122512638485595,,,1.3411452373323622,,,,,,1.2376954255935109,1.2953163257246665
V041,1,I50N,,,1.1088568630194455,,,1.2654129455251926,,1.1100614076523456,,,1.1264504107732691,,,,,,1.0389456186179,1.2681846932321352
V041,1,L24R,1.1649219443484562,,1.2732615083251717,,,1.2249413161373932,,1.2045347189419076,,,1.329719657830103,,,,,,1.2526715744478665,1.2017710309930458
V041,1,N23H,2.5448347017415056,,2.4870575066461686,,,2.884278121037166,,2.806644622894062,,,1.1560938426357237,,,,,,1.050819282830676,1.1986084756483273
V041,1,R52R,0.9616807220002906,,1.0738771512522698,,,1.3193751180422584,,1.1179341835931424,,,1.2196154823409844,,,,,,1.044882450724288,1.1606578115117048
V041,1,A143A,,,,,,1.0999297917154274,,,,,,,,,,,,1.042571676802776
V041,1,P55P,0.8914040538541157,,0.9514481600671564,,,0.9767153225588904,,0.9644150527476044,,,1.0459896671466051,,,,,,0.8549038233198732,1.0025300442757776
V041,1,A21A,,,,,,,,,,,1.1264504107732691,,,,,,1.030040370458318,
V041,1,D94A,,,,,,,,,,,1.122215634792918,,,,,,1.0359772025647058,
V041,1,K109N,,,,,,1.0063187456119862,,1.0254203865046108,,,1.0253123998718392,,,,,,1.035031847133755,
V041,1,L30Q,,,,,,,,1.1336797354747359,,,,,,,,,,
V041,1,L62P,,,,,,1.0198850605725431,,,,,1.0248157872448516,,,,,,,
V041,1,M20I,,,,,,7.945929903137291,,,,,,,,,,,,
V041,1,N18K,,,,,,,,2.015430640843981,,,,,,,,,,
V041,1,V119G,1.012981417660155,,,,,1.033064758784398,,,,,,,,,,,,
V041,1,V93A,1.031200423056582,,,,,1.0464377653706038,,1.0039080707038146,,,,,,,,,,
V041,1,W30R,,,,,,34.481828238405484,,93.39080459770236,,,1.1942068264588799,,,,,,,
V041,1,Y111*,1.031200423056582,,1.049161621604483,,,1.0999297917154274,,1.1831773690437826,,,,,,,,,,
V041,1,Y128N,,,,,,1.026378255491295,,,,,,,,,,,,
V041,1,c-35t,,,,,,1.3976202681920038,,,,,,,,,,,,
TMP,7,c-35t,,99.19502493841681,,99.8736050310688,,,99.81741094920204,,,99.8587819946286,,,,,,99.88133899571258,,99.88383285201913
TMP,7,L28R,,,,,,,98.18648841028308,,,98.61724036473886,,,,,,98.36060454655217,,97.00288758334631
TMP,7,A26T,,,,,,,,,,89.96175345683469,,,,,,97.78915813136456,,96.42537090506396
TMP,7,T123P,9.230587432229026,9.200999146299297,,8.92590379444291,,,9.26756352765358,,,8.917778897003473,,,,,,9.178065080257227,,9.709054063834827
TMP,7,T35P,7.204173021698301,6.843866405707603,,7.444971946482185,,,7.3468882493112275,,,6.822594880847597,,,,,,7.175868098925459,,6.594974941086947
TMP,7,W30R,,,,4.590295332634566,,,,,,,,,,,,,,2.0345846194696096
TMP,7,D27D,1.5644362009903112,1.5531283540627696,,1.6246377705160735,,,1.7113855104756774,,,1.788761400411872,,,,,,1.9173120159880144,,1.855355305519593
TMP,7,H124Q,1.745169931832649,1.5935751098744584,,1.632058559904403,,,1.9043348281016308,,,1.6557542180811062,,,,,,1.5676722253450883,,1.70804081928061
TMP,7,D122H,1.7744665866441791,1.5113668700793492,,1.5461607409620648,,,1.5724962630792167,,,1.4354066985646046,,,,,,1.6519892573855632,,1.5415792140117346
TMP,7,C85G,1.2603589907393258,1.3184936920985162,,1.2249775918733217,,,1.2286995515695085,,,1.19932007051121,,,,,,1.2585097745300144,,1.2339871173192474
TMP,7,F125S,1.2754765266568897,1.226799886173202,,1.1092022706901699,,,1.2914798206278029,,,1.1741374968521812,,,,,,1.1929298607207564,,1.1869436201780434
TMP,7,V40G,1.1000632751233053,1.3479386324894318,,1.1529687403662374,,,1.5411753783307152,,,1.165048543689314,,,,,,1.1522608043967055,,1.1417571110889806
TMP,7,Y111*,1.031200423056582,,,,,,1.130044843049331,,,,,,,,,1.052401473986632,,1.0928566258956356
TMP,7,R52R,0.9616807220002906,,,,,,1.358586327484301,,,1.0238305383936404,,,,,,0.9961279040719486,,1.0189518404195264
TMP,7,G86G,0.8927893835410917,0.9643658899041984,,1.0121003884075268,,,0.8699551569506772,,,0.9506421556283028,,,,,,0.9306102054837264,,0.9155388289787926
TMP,7,C26Y,,,,,,,,,,,,,,,,1.1491381463902104,,
TMP,7,D27A,1.7227187830967654,1.799356019950775,,1.6770454405327222,,,2.054900504440961,,,,,,,,,,,
TMP,7,I50N,,0.9943809583938346,,,,,1.185281465663976,,,,,,,,,,,
TMP,7,K109N,,,,1.0158350761876285,,,,,,,,,,,,,,
TMP,7,L24R,1.1649219443484562,1.2374518593345576,,1.3040261421789299,,,1.052208089623369,,,,,,,,,,,
TMP,7,N23H,2.5448347017415056,2.5348822526675088,,2.2751094395462403,,,2.181784421130833,,,1.0208884966166472,,,,,,1.114788908318764,,
TMP,7,N23T,1.1851643311821023,1.114338026390555,,,,,,,,,,,,,,,,
TMP,7,P55P,0.8914040538541157,0.8996780099753743,,,,,1.0367344412465542,,,,,,,,,0.8618536097926577,,
TMP,7,S28S,,,,,,,1.0088818741682877,,,,,,,,,1.1709967524356764,,
TMP,7,V119G,1.012981417660155,,,,,,1.0254110612855067,,,,,,,,,1.0118043844856626,,
TMP,7,V93A,1.031200423056582,,,,,,,,,,,,,,,,,
TMP,7,W30C,,,,,,,,,,7.4139452780232755,,,,,,,,
TMP,6,c-35t,,,,,99.57154595611046,,,99.84382320791521,,,,99.71603586062125,,,,,99.81173148199787,99.65962558814172
TMP,6,L28R,,,,,,,,,,,,,,,,,98.72330411246368,98.34484599725843
TMP,6,W30R,,,,,,,,48.545994065288326,,,,77.80617419170338,,,,,97.93492969344973,97.66743417759018
TMP,6,T123P,9.230587432229026,9.521094640820786,,,9.7755147400537,,,9.952377665815286,,,,9.494367304165284,,,,,9.170215688968359,9.416987039752946
TMP,6,T35P,7.204173021698301,7.1440854931826125,,,7.316977736041273,,,6.909261283772926,,,,6.863818912011862,,,,,6.427604871448051,6.4571028130941786
TMP,6,N23H,2.5448347017415056,2.7146542193833523,,,3.0950424541220767,,,1.7741683585819226,,,,2.2392600705853702,,,,,1.7885509207506958,2.0722795074582177
TMP,6,H124Q,1.745169931832649,1.6844614906188369,,,2.030672243438182,,,1.6460763337704565,,,,1.5981137018600922,,,,,1.579887347163083,1.9024216241924568
TMP,6,D27D,1.5644362009903112,1.7639110674364231,,,1.7685956880698244,,,1.7054505700452978,,,,1.590199180560622,,,,,1.4796728834500064,1.7686121400207042
TMP,6,D122H,1.7744665866441791,1.746656991810916,,,1.8831706774968984,,,1.7703085099040758,,,,1.681949174744555,,,,,1.5318038192059449,1.541754191272637
TMP,6,D27A,1.7227187830967654,1.9776440240756559,,,2.1168368744375443,,,1.8991097922848768,,,,1.5739726583100038,,,,,1.3561216685297306,1.4482597523943113
TMP,6,F125S,1.2754765266568897,1.2335441069762647,,,1.4083368693297629,,,1.2802815929325757,,,,1.4304427560911666,,,,,1.078444841324357,1.3911458126907343
TMP,6,V40G,1.1000632751233053,1.2013266183515479,,,1.3577493446022744,,,1.2556614087146627,,,,1.1034035130420707,,,,,1.2914043654762528,1.338138619147739
TMP,6,C85G,1.2603589907393258,1.2231781901109182,,,1.1800125275302469,,,1.2492235488991708,,,,1.404244170814772,,,,,1.2570408023080129,1.2841345963299085
TMP,6,L30Q,,,,,,,,,,,,,,,,,1.1325528034358985,1.1746254212967673
TMP,6,I50N,,,,,1.2247133857651626,,,1.0620021864750837,,,,1.0344407934769426,,,,,,1.1712884172589924
TMP,6,S28S,,,,,,,,,,,,,,,,,1.1354944990292382,1.1579404011078926
TMP,6,Y111*,1.031200423056582,,,,1.0830251965003637,,,,,,,1.0007859575582947,,,,,1.0715757659019087,1.1216360825968028
TMP,6,D27E,,,,,,,,,,,,,,,,,,1.1078853405412687
TMP,6,R52R,0.9616807220002906,0.9286328460877002,,,1.0955902492467895,,,,,,,,,,,,0.9854680237689027,1.0845263122768445
TMP,6,L24R,1.1649219443484562,1.208696720304625,,,1.1758031067809305,,,1.09948461658597,,,,1.1723662326071989,,,,,1.167853150555977,1.0778523042012944
TMP,6,N23T,1.1851643311821023,1.2381771281169327,,,1.4457878467738918,,,1.3056379821958444,,,,1.1885927548578172,,,,,,1.0745153001635197
TMP,6,V119G,1.012981417660155,1.039183165751018,,,,,,1.1215404789840615,,,,1.047943411055805,,,,,,1.0582220284570545
TMP,6,G86G,0.8927893835410917,0.9070177257178464,,,0.9234002141803478,,,,,,,0.9483887870055044,,,,,0.9067179557631524,0.9313939201775572
TMP,6,P55P,0.8914040538541157,0.8917823363223154,,,1.1131979496811133,,,0.9245666094018368,,,,,,,,,0.8913337647820225,0.9076650982747732
TMP,6,A143A,,,,,1.0486755167606134,,,,,,,,,,,,,
TMP,6,A26T,,,,,,,,,,,,4.373047746541803,,,,,,
TMP,6,I94L,,0.9556565532489824,,,0.7434362405603181,,,,,,,,,,,,,
TMP,6,K109N,,1.0029024567223053,,,,,,,,,,1.026984542834689,,,,,,
TMP,6,P21L,,,,,,,,49.18631891301642,,,,20.287209443836648,,,,,,
TMP,6,V119A,,,,,1.058778363742893,,,,,,,,,,,,,
TMP,6,V93A,1.031200423056582,0.9821706229916116,,,1.0729223495180842,,,1.0249154531023572,,,,1.0007859575582947,,,,,,
TMP,6,W30C,,,,,,,,,,,,12.048192771084715,,,,,,
TMP,6,W30G,,,,,,,,,,,,1.8903898421970624,,,,,,
TMP,5,c-35t,,6.727085596660991,,99.00085725259106,,,99.84825493168492,,,99.83311350982008,,,,99.83209061406679,,,,99.78963422641823
TMP,5,L28R,,,,,,,97.51604995911993,,,98.51417189317276,,,,98.62541977338444,,,,98.53269872982685
TMP,5,W30R,,,,,,,1.2536477179876413,,,98.55185593936268,,,,98.56565541570913,,,,98.4038496935654
TMP,5,A26T,,,,,,,,,,,,,,,,,,98.03570958996124
TMP,5,T123P,9.230587432229026,9.316421596138989,,8.907632174449661,,,9.325108853410448,,,9.271892673277453,,,,9.282638624446667,,,,8.987629386518078
TMP,5,T35P,7.204173021698301,7.410372233975909,,7.425581601584204,,,7.267421501109166,,,7.2837877849855985,,,,7.231487278729903,,,,7.210286886323818
TMP,5,D27D,1.5644362009903112,1.495225570358505,,1.4691536847083684,,,1.9703513481965973,,,1.868052003983742,,,,1.9039216802322096,,,,2.1878040442820343
TMP,5,D122H,1.7744665866441791,1.691173719459731,,1.6251800041143694,,,1.8893842007049808,,,1.6408409626943414,,,,1.6901490963414412,,,,1.6630901287553672
TMP,5,H124Q,1.745169931832649,1.5976353500205864,,1.4434615648357592,,,1.8375492432096447,,,1.5951916005173723,,,,1.701865901168765,,,,1.5431709164352458
TMP,5,N23H,2.5448347017415056,2.624506832866388,,2.4239557775872727,,,2.4536010271973816,,,2.236817313127507,,,,2.3905743070180496,,,,1.1964553367167194
TMP,5,V40G,1.1000632751233053,1.2493567385213562,,1.2149339324248294,,,1.4123964048091688,,,1.2489569594358159,,,,1.2948944163014309,,,,1.1964553367167194
TMP,5,F125S,1.2754765266568897,1.1187188984921663,,1.1074538846602158,,,1.3399336512544209,,,1.265501762572597,,,,1.1336008670435638,,,,1.1644786670032836
TMP,5,C85G,1.2603589907393258,1.2047741983761795,,1.169169581018989,,,1.176653535144113,,,1.1589865841596696,,,,1.1746096839391968,,,,1.1202979045695547
TMP,5,L30P,,,,,,,,,,1.114371080186267,,,,1.0643747509818369,,,,1.080754161297956
TMP,5,S28S,,,,,,,1.1952842301856093,,,1.0982207746763208,,,,1.0416073766292844,,,,1.062347156117698
TMP,5,C26Y,,,,,,,,,,,,,,,,,,1.0597175839490898
TMP,5,I50N,,,,,,,1.1509279794560645,,,,,,,,,,,1.0597175839490898
TMP,5,V93A,1.031200423056582,,,,,,,,,,,,,,,,,0.9940671547589008
TMP,5,D27A,1.7227187830967654,1.8468751786837287,,1.6258239971621773,,,1.8652970701529399,,,1.9972544480633088,,,,2.077522909670429,,,,
TMP,5,G86G,0.8927893835410917,,,0.9051635465953478,,,1.013373419033805,,,0.9256676219218316,,,,0.9637071970473696,,,,
TMP,5,L24R,1.1649219443484562,1.1721653610841118,,1.1971976706376055,,,,,,1.100912492261312,,,,1.0757584381581131,,,,
TMP,5,N23T,1.1851643311821023,1.2007547601349429,,1.0907800999142638,,,,,,,,,,1.0046103933063866,,,,
TMP,5,P55P,0.8914040538541157,0.8462462119046298,,0.8069999113186854,,,0.9805065950741304,,,,,,,0.8310091638681738,,,,
TMP,5,R52R,0.9616807220002906,,,,,,1.10657172872652,,,,,,,,,,,
TMP,5,V119G,1.012981417660155,,,,,,1.039290897781473,,,,,,,,,,,
TMP,5,Y111*,1.031200423056582,,,,,,1.0315156541571726,,,,,,,,,,,
TMP,4,c-35t,,99.70455698474336,,,,99.82345152267384,,99.80922201379616,,99.39278937379696,,,,,,99.77705800700217,,99.74398361499132
TMP,4,L28R,,,,,,98.42283360300628,,98.42527323283588,,98.16413662237494,,,,,,98.06503175873692,,97.99575744280088
TMP,4,A26T,,,,,,,,95.43102890767416,,97.55692599618952,,,,,,97.70748327936948,,97.37400336482521
TMP,4,T123P,9.230587432229026,9.339985994398132,,,,9.617943356776667,,9.515330650618145,,9.074596257369976,,,,,,8.899186684319849,,9.471613265879396
TMP,4,T35P,7.204173021698301,7.048852547076804,,,,6.958952479035207,,6.719265343077175,,6.442125237191751,,,,,,6.4569048921046335,,6.970960427181464
TMP,4,D27D,1.5644362009903112,1.605538810468813,,,,2.024422539355591,,2.062989070684885,,2.106261859582528,,,,,,1.8340133765195703,,2.183454026771994
TMP,4,H124Q,1.745169931832649,1.8148926237161482,,,,2.315782804283084,,1.8624692852818603,,1.8584978210715093,,,,,,1.5036882920370758,,1.8643432640059825
TMP,4,D122H,1.7744665866441791,1.4968487394957937,,,,1.8374200088702828,,1.5526512588582997,,1.5167051183457156,,,,,,1.6597314166824346,,1.7331834363874723
TMP,4,N23H,2.5448347017415056,2.3486227580649697,,,,2.2686479329115885,,1.0832309383690073,,,,,,,,1.0600260800067332,,1.309340940677346
TMP,4,V40G,1.1000632751233053,1.2772687934584628,,,,1.5036045314109103,,1.2352066222595892,,1.2144212523719142,,,,,,1.1357422285786412,,1.3056835637480797
TMP,4,F125S,1.2754765266568897,1.2780112044817888,,,,1.542799214344532,,1.3852783020547674,,1.2731778176535875,,,,,,1.1537734064686953,,1.2179126850290405
TMP,4,C26Y,,,,,,,,,,,,,,,,1.1609809447692772,,1.1923048789408257
TMP,4,S28S,,,,,,1.2358393408856798,,,,1.0009487666034176,,,,,,1.1693938501661558,,1.1667032404359616
TMP,4,I50N,,1.0922438747799017,,,,1.2152420185375854,,1.0411951109099102,,1.2049335863377588,,,,,,,,1.1228147172847665
TMP,4,C85G,1.2603589907393258,1.2050653594771206,,,,1.1626433504403373,,1.1075104162957141,,1.3415363581987465,,,,,,1.3334594287875934,,1.1148585347573539
TMP,4,R52R,0.9616807220002906,1.008684234086358,,,,1.3564808003530917,,1.141434391773911,,1.138519924098671,,,,,,,,1.0862409479921038
TMP,4,V119G,1.012981417660155,1.0445845004668504,,,,1.115123867452313,,,,,,,,,,,,0.9836987071388436
TMP,4,V93A,1.031200423056582,1.082516339869278,,,,1.2038269023632917,,1.2285887254727372,,1.0723746048021836,,,,,,,,0.9836987071388436
TMP,4,P55P,0.8914040538541157,0.9042346832194282,,,,1.0357510666470464,,1.0735303628015234,,0.9250474383301728,,,,,,,,0.8997147245995213
TMP,4,G86G,0.8927893835410917,0.9220354808590076,,,,0.890198314642331,,0.911648445568176,,1.0381953345296042,,,,,,0.8511443162473967,,0.8572231590781346
TMP,4,A117A,,,,,,1.0295887980738692,,,,,,,,,,,,
TMP,4,A143A,,,,,,1.264018247481456,,,,1.0125608818251697,,,,,,,,
TMP,4,D27A,1.7227187830967654,1.820406457966497,,,,1.8949536560247084,,,,,,,,,,,,
TMP,4,D27E,,,,,,,,1.0217939597749424,,,,,,,,,,
TMP,4,F125P,,,,,,1.0105810048786594,,,,,,,,,,,,
TMP,4,K109N,,1.0066526610644229,,,,,,1.0184822477831967,,,,,,,,,,
TMP,4,L24R,1.1649219443484562,1.1519293324181472,,,,,,,,,,,,,,,,
TMP,4,L62P,,,,,,1.0210386935412643,,,,,,,,,,,,
TMP,4,N23T,1.1851643311821023,1.1817720612372702,,,,,,,,,,,,,,,,
TMP,4,V119A,,,,,,1.1531394538427324,,,,,,,,,,,,
TMP,4,W30R,,,,,,,,1.7719718036603669,,,,,,,,,,
TMP,4,Y111*,1.031200423056582,1.0299953314659167,,,,1.1119559019197782,,,,,,,,,,,,
TMP,4,Y128N,,,,,,1.0295887980738692,,,,,,,,,,,,
TMP,3,c-35t,,88.78063182758439,,99.6192893400913,,99.81565820864654,,99.79432936681252,,99.78484708777022,,,,,99.86879905888372,,,99.87910786530571
TMP,3,I94L,,,,52.47461928934607,,99.08835904630112,,99.35725763256458,,99.51637536057345,,,,,99.70847886465928,,,99.7695493756108
TMP,3,A26T,,,,,,,,38.68076979579956,,79.37605655449214,,,,,98.08175175868485,,,97.72031974727831
TMP,3,W30R,,10.382836335006482,,,,,,2.827971206111371,,5.255878284923893,,,,,97.81256362105994,,,97.4291917496472
TMP,3,T123P,9.230587432229026,9.850057670126883,,9.655245346869686,,9.16316035530603,,9.426888055704252,,9.180383505854364,,,,,9.240669948571183,,,9.432904612126947
TMP,3,T35P,7.204173021698301,6.849719515795735,,6.947969543147187,,7.612231620038973,,6.9854561480828,,6.8080528661440525,,,,,6.3451489583093394,,,6.508437777558696
TMP,3,H124Q,1.745169931832649,1.7993079584775151,,1.9035532994923816,,1.4142122487143534,,2.088912694161747,,1.7817749872730455,,,,,1.7271252165781823,,,1.7844352402603687
TMP,3,D27D,1.5644362009903112,1.6041728176360532,,1.45939086294416,,1.5397961396660107,,1.5792566475686742,,1.5752266789611122,,,,,1.6535842739837654,,,1.6998914437974668
TMP,3,D94A,,,,,,1.0084580351333767,,1.1091523431761392,,,,,,,1.097111317212211,,,1.5715977499259632
TMP,3,D122H,1.7744665866441791,1.637831603229532,,1.7343485617597258,,1.4609630668536708,,1.8211033743974216,,1.5017817749872795,,,,,1.5813646489370332,,,1.5539846158637372
TMP,3,C26Y,,,,,,,,,,,,,,,1.0835388060714408,,,1.544458699299299
TMP,3,L30Q,,,,,,,,,,,,,,,1.0790146356911845,,,1.5370571400374815
TMP,3,G86G,0.8927893835410917,1.014994232987312,,1.3007614213197949,,1.4258999532491827,,1.2778330400183624,,1.2642117766842051,,,,,1.383350292896227,,,1.3889321416337173
TMP,3,C85G,1.2603589907393258,1.1995386389850071,,1.6391708967851069,,1.2622720897615716,,1.3007881245695905,,1.425419989818434,,,,,1.435604081295884,,,1.33287658434805
TMP,3,F125S,1.2754765266568897,1.4763552479815492,,1.3853637901861229,,1.4142122487143534,,1.4002601576249107,,1.153911420329206,,,,,1.2870933142652794,,,1.3173055962131426
TMP,3,V40G,1.1000632751233053,1.210510776498374,,1.290186125211504,,1.322923443938405,,1.4103129131776069,,1.2217611802674024,,,,,1.266767706471831,,,1.265666633770839
TMP,3,I50N,,1.161303021356164,,1.025803722504229,,,,1.3882767739092068,,1.0296603657599517,,,,,1.0292487615083623,,,1.0362182966544964
TMP,3,P55P,0.8914040538541157,0.925105796673556,,0.7508460236886629,,,,1.1605700014690723,,,,,,,0.9704345465650276,,,0.8857199249975352
TMP,3,D27A,1.7227187830967654,2.174982777285692,,1.9564297800338368,,1.778356104966377,,1.6233289261054744,,,,,,,,,,
TMP,3,I155S,,,,,,,,1.0100237202540374,,,,,,,,,,
TMP,3,L24R,1.1649219443484562,1.2990847357543518,,1.004653130287647,,1.3337670787247853,,1.0797708241516055,,,,,,,,,,
TMP,3,L62P,,,,,,,,1.0797708241516055,,,,,,,,,,
TMP,3,N23H,2.5448347017415056,3.0607223698454886,,2.347715736040604,,2.3530687486445316,,2.262376964889085,,1.4599661902566416,,,,,1.0835388060714408,,,
TMP,3,N23T,1.1851643311821023,1.5943312666076108,,1.332487309644668,,,,1.0063170265902721,,,,,,,,,,
TMP,3,P21L,,,,1.417089678510996,,,,,,,,,,,,,,
TMP,3,R52R,0.9616807220002906,1.0333628579864185,,0.9412013536379008,,,,1.131188482444539,,0.983556170278163,,,,,1.0156762503675931,,,
TMP,3,V119A,,,,1.004653130287647,,,,,,,,,,,,,,
TMP,3,V119G,1.012981417660155,,,,,,,,,,,,,,,,,
TMP,3,V93A,1.031200423056582,1.1649365628604391,,,,,,,,,,,,,,,,
TMP,3,W30C,,,,,,,,55.185838107826726,,13.84662670969753,,,,,,,,
TMP,3,W30G,,,,,,,,1.050389305127072,,,,,,,,,,
TMP,3,Y111*,1.031200423056582,1.1418685121107273,,,,,,,,,,,,,,,,
TMP,2,c-35t,,,,,,,98.610547667333,,99.39849624061293,,,,,,,98.07127112417908,,99.61618598528723
TMP,2,F153V,,,,,,,,,5.390563711756078,,,,,,,98.0885780885753,,98.92036344198742
TMP,2,D27E,,32.00386573988383,,91.37899291171644,,,90.45638945232436,,91.57894736843096,,,,,,,89.65833945628725,,91.22710823553894
TMP,2,L28R,,,,,,,,,,,,,,,,1.1756061719324014,,82.4542164710963
TMP,2,P21L,,,,,,,,,,,,,,,,96.69360764144571,,15.495120078956347
TMP,2,T123P,9.230587432229026,9.60073851834759,,9.924700113825326,,,10.20227808326786,,10.276812731144087,,,,,,,9.013209013208902,,9.331908070550591
TMP,2,D27G,,2.5275991525108914,,6.315014268618159,,,6.5720081135902095,,6.986697513013407,,,,,,,8.468038207200662,,8.696128961508888
TMP,2,T35P,7.204173021698301,7.5084563059884655,,7.369050906747563,,,7.373225152129757,,7.41469057258543,,,,,,,7.439382806759808,,7.1389406733193805
TMP,2,D27A,1.7227187830967654,2.330595100918121,,3.7236490840467424,,,4.361054766734249,,4.106419895893579,,,,,,,3.89419544452608,,3.1034104616734397
TMP,2,H124Q,1.745169931832649,1.7539810754673542,,1.7380264425181713,,,2.1209740769835013,,2.0845007284545574,,,,,,,1.989121989121992,,1.859967931587396
TMP,2,S28A,,,,1.0310227377335908,,,1.064908722109534,,,,,,,,,1.0286554004408512,,1.5571882881894925
TMP,2,D122H,1.7744665866441791,1.9801523194092,,2.02696786621137,,,2.7788688138256057,,2.3646755575479066,,,,,,,2.3931623931623967,,1.5072153928380598
TMP,2,F125S,1.2754765266568897,1.3616432033233357,,1.3440154102092616,,,1.7478397486252926,,1.3112182001568995,,,,,,,1.2587412587412583,,1.2079102084446842
TMP,2,V40G,1.1000632751233053,1.133702561052666,,1.1460922397127888,,,1.288032454361053,,1.2145748987854237,,,,,,,1.1939750183688451,,1.2062726176115806
TMP,2,Y111*,1.031200423056582,,,1.020050783644158,,,1.1783189316575011,,,,,,,,,1.1499611499611493,,1.1972207375734922
TMP,2,N23H,2.5448347017415056,2.356614503958676,,1.4820951854920472,,,1.906693711967538,,1.6425679583574295,,,,,,,,,1.1953065029060208
TMP,2,V119G,1.012981417660155,,,,,,,,1.1543202958646208,,,,,,,1.0567210567210557,,1.1865312667023002
TMP,2,C85G,1.2603589907393258,1.1631663974151851,,1.3440154102092616,,,1.139041633935584,,1.2439762411744946,,,,,,,1.243201243201243,,1.1437733832175323
TMP,2,V93A,1.031200423056582,,,,,,,,,,,,,,,0.9634809634809623,,1.0903260288615724
TMP,2,I50N,,1.0036055458499011,,,,,1.247464503042595,,1.087333718912665,,,,,,,1.1572373254959576,,1.0746792411448636
TMP,2,R52R,0.9616807220002906,,,,,,1.1156186612576064,,,,,,,,,,,1.0088825529115049
TMP,2,M92L,,,,,,,,,,,,,,,,,,0.8992214058559065
TMP,2,G86G,0.8927893835410917,0.9739210708516004,,1.024428684003146,,,0.9622937941869588,,1.0310433710635452,,,,,,,0.9324009324009314,,0.8551576696953501
TMP,2,I94L,,,,,,,,,,,,,,,,,,0.5451630144307857
TMP,2,A143A,,,,,,,1.2470542026708549,,1.0646643505547475,,,,,,,,,
TMP,2,D127H,,,,,,,1.0801256873527092,,,,,,,,,,,
TMP,2,D27D,1.5644362009903112,1.2117607701743247,,,,,,,,,,,,,,,,
TMP,2,F125P,,,,,,,1.0506677140612717,,,,,,,,,1.3519813519813522,,
TMP,2,K109N,,,,1.0725855879520128,,,,,1.0534573573910129,,,,,,,1.1655011655011651,,
TMP,2,L24R,1.1649219443484562,1.0890978701260037,,,,,,,,,,,,,,,,
TMP,2,L62P,,,,,,,1.0141987829614614,,,,,,,,,1.0653930933137388,,
TMP,2,N23T,1.1851643311821023,,,,,,,,,,,,,,,,,
TMP,2,P55P,0.8914040538541157,0.8623573579154709,,0.9067476755960592,,,0.9432048681541592,,1.0641989589358,,,,,,,0.8633357825128574,,
TMP,2,V119A,,,,,,,1.0212097407698342,,,,,,,,,1.1033411033411025,,
TMP,2,Y128N,,,,,,,1.1783189316575011,,1.0422503642272791,,,,,,,,,
TMP,1,L28R,,,,23.893264530143856,,98.14344342389013,,98.3207388748831,,,,,,,98.47498228688922,,,98.53086874060095
TMP,1,A26T,,,,,,,,48.17613583358072,,,,,,,98.08360605962044,,,98.18835451635373
TMP,1,T123P,9.230587432229026,10.293009441907486,,9.600566126749158,,9.087850467289565,,9.845520913161025,,,,,,,9.365558912386893,,,9.810929625790902
TMP,1,T35P,7.204173021698301,7.207962283918293,,7.125882672460924,,6.576118819620893,,6.869421898808747,,,,,,,6.663517662539388,,,6.889914229909315
TMP,1,D27D,1.5644362009903112,1.6832547581630892,,1.6023900054318252,,1.6806722689075648,,1.8223092950212847,,,,,,,1.7848105536624177,,,2.117360658986049
TMP,1,D122H,1.7744665866441791,2.500110820515131,,2.2173297688315823,,2.097196261682261,,2.343403379986297,,,,,,,1.984726418261139,,,2.0443904356838947
TMP,1,H124Q,1.745169931832649,1.9681723480650977,,1.7141059915081107,,1.7682242990654349,,2.1175331746864132,,,,,,,1.85464921114466,,,1.7656099217270032
TMP,1,F125S,1.2754765266568897,1.5293231082938203,,1.3445510300361772,,1.226168224299073,,1.5609244544831269,,,,,,,1.3763007720711573,,,1.3617355874048396
TMP,1,V40G,1.1000632751233053,1.2537104941505166,,1.154263986963603,,1.094391244870042,,1.2936530148956658,,,,,,,1.2011201457539056,,,1.2030458289693384
TMP,1,R52R,0.9616807220002906,,,,,,,1.2656653294772506,,,,,,,1.0897803569621085,,,1.1492626036742373
TMP,1,N23H,2.5448347017415056,3.1430068098480914,,2.4443237370994217,,1.8858706273206967,,1.7601144385359178,,,,,,,,,,1.0445268491521982
TMP,1,S28S,,,,,,1.0553058432675406,,1.1008489597910285,,,,,,,1.0830324909747269,,,1.0247119766750556
TMP,1,C85G,1.2603589907393258,1.1702646393900478,,1.1597735493002104,,1.3644859813084205,,1.1333844230226315,,,,,,,1.1664988251090946,,,1.0221952178419589
TMP,1,I50N,,1.0092544089401094,,,,,,1.1226171595609071,,,,,,,1.1437632848611616,,,1.0133891924024028
TMP,1,C26Y,,,,,,,,,,,,,,,1.0897803569621085,,,1.0105584963342396
TMP,1,F125P,,1.0328472006737894,,,,,,1.0002823377566283,,,,,,,,,,1.007898781228785
TMP,1,G86G,0.8927893835410917,0.966354891617536,,0.9553388897625452,,0.9644859813084158,,0.863146855967413,,,,,,,0.9902651896609616,,,1.000750562922198
TMP,1,P55P,0.8914040538541157,,,,,,,0.8987156762135821,,,,,,,,,,0.8944999575395518
TMP,1,A143A,,1.0461456624850405,,,,,,,,,,,,,,,,
TMP,1,D127H,,1.0239815594662889,,,,,,,,,,,,,,,,
TMP,1,D27A,1.7227187830967654,1.899773005063736,,1.7280010863660995,,1.2800469024819243,,1.178592530397737,,,,,,,,,,
TMP,1,I94L,,0.9324253535882672,,,,,,,,,,,,,,,,
TMP,1,K109N,,1.0106830976550378,,,,,,,,,,,,,,,,
TMP,1,L24R,1.1649219443484562,1.2152959664745957,,1.110130363932642,,1.0455344928669152,,,,,,,,,,,,
TMP,1,L62P,,,,,,,,0.9920079609416358,,,,,,,1.0155538311009105,,,
TMP,1,N23T,1.1851643311821023,1.5819800942902065,,,,,,,,,,,,,,,,
TMP,1,V119A,,1.0195487388625386,,,,,,,,,,,,,,,,
TMP,1,V119G,1.012981417660155,1.0372800212775397,,,,,,1.012382527326265,,,,,,,,,,
TMP,1,V93A,1.031200423056582,,,,,,,,,,,,,,,,,
TMP,1,Y111*,1.031200423056582,,,,,,,1.0769168716976605,,,,,,,1.0196374622356508,,,
TMP,1,Y128N,,1.0062502770512878,,,,,,,,,,,,,,,,
