Name,EvolvedIn,Culture#,Day#,TimeMeasured,IC95,IC75,IC50,0.04,0.1,0.26,0.66,1.64,4.1,10.2,25.6,64,160,400,1000,1750,2500
TB194,TMP,0,0,24,1.64,0.66,0.66,0.5993,0.4687,0.492,0.0889,0.00215,0.0015,0.00095,0.002,0,5.00E-05,0.0003,0.00035,0.00025,0
TB194,TMP,0,0,24,1.64,1.64,0.66,0.5745,0.5044,0.5268,0.2068,0.00605,0.0029,0.00405,0.0046,0.0002,0,0.0008,0.00115,0.00255,0
TB194,TMP,0,0,24,1.64,1.64,0.66,0.6181,0.5035,0.5429,0.2902,0.00895,0.0027,0.00485,0.0058,0.0015,0.00035,0.0034,0.00145,0.00285,0.00175
TB194,TMP,0,0,24,1.64,0.66,0.66,0.6153,0.4852,0.4865,0.1509,0.00345,0.0023,0.00135,0,0,0,0,0.00045,0.00115,0
TB194,TMP,0,0,24,1.64,0.66,0.66,0.5981,0.48555,0.5099,0.04915,0.0021,0.00105,0,0,0,0.00055,0,0,0,0
TB194,TMP,0,0,24,1.64,0.66,0.66,0.5752,0.51715,0.5464,0.03015,0.0009,0.00095,0.00085,0.0007,5.00E-05,0.00185,0.0016,0.0012,5.00E-05,0
TB194,TMP,0,0,24,4.1,0.66,0.66,0.5995,0.48075,0.4787,0.06945,0.1095,0.00175,0.00455,0.0022,0.00405,0.00385,0.0027,0.0013,0.00205,0.00035
TB194,TMP,0,0,24,1.64,0.66,0.66,0.5896,0.49775,0.4836,0.08165,0.0024,0.00105,0.00195,0,0.00055,5.00E-05,0,1.00E-04,0,0
TB194,V041,0,0,24,1.64,0.66,0.66,0.68155,0.55895,0.4844,0.06675,0.0025,0.00265,0.002,0,0,0.00025,0.01865,0,0.02825,0.03745
TB194,V041,0,0,24,1.64,0.66,0.66,0.76955,0.58325,0.5098,0.14045,0.0063,0.00205,0.0039,0.0021,0.0006,5.00E-05,0.00815,0,0.00965,0.00355
TB194,V041,0,0,24,1.64,0.66,0.66,0.67615,0.55275,0.4707,0.10015,0.0063,0.00505,0.0044,0.0024,0.0018,0,0.00525,0.00425,0.03335,0
TB194,V041,0,0,24,1.64,0.66,0.66,0.67555,0.53605,0.4268,0.05555,0.0037,0.00195,0.0022,0,0.0004,0,0,0,0.03225,0
TB194,V041,0,0,24,1.64,0.66,0.66,0.56165,0.52145,0.4643,0.04695,0.0067,0.0024,0.0019,0,0,0.00025,0.00095,0.00235,0.0526,0.02445
TB194,V041,0,0,24,1.64,0.66,0.66,0.60605,0.55545,0.4837,0.03065,0.0033,0.0014,0.0006,0.00165,0.0008,0.00125,0.00855,0.00565,0,0.03525
TB194,V041,0,0,24,1.64,0.66,0.66,0.54925,0.51565,0.4977,0.07135,0.0078,0.0034,0.0024,0.00015,0.0009,0.00205,0.00795,0,0,0.02765
TB194,V041,0,0,24,1.64,0.66,0.66,0.54395,0.49995,0.4755,0.04635,0.0027,0.0019,0,0,0,0,0,0.00925,0,0
TB194,TMP,0,0,48,1.64,1.64,0.66,0.6604,0.52315,0.54865,0.2966,0.0021,0.0002,0.0011,0,0.00055,0.0009,0.00145,0,0.00135,0
TB194,TMP,0,0,48,1.64,1.64,1.64,0.5686,0.57195,0.65695,0.4888,0.0053,0.001,0.003,0.0022,0,0.0001,5.00E-05,0.0024,0.00325,0.00145
TB194,TMP,0,0,48,1.64,1.64,1.64,0.6603,0.56425,0.62865,0.5146,0.0068,0.0023,0.0035,0.0043,0.00065,0.0008,0.00175,0.0014,0.00405,0.00165
TB194,TMP,0,0,48,1.64,1.64,1.64,0.6464,0.52845,0.54655,0.4472,0.0015,0.0014,0.0013,0,0,0,0,0.0015,0.00275,0
TB194,TMP,0,0,48,1.64,1.64,1.64,0.55425,0.52865,0.58495,0.38015,0.00165,0.0011,0.00185,0.00015,0.0001,0.0005,0,0.00055,5.00E-05,0.0004
TB194,TMP,0,0,48,1.64,1.64,1.64,0.59095,0.59505,0.64975,0.37815,0.00115,0.0002,0.00175,0.00035,0.0003,0.0007,0.00205,0.00065,0.00055,0.001
TB194,TMP,0,0,48,4.1,4.1,4.1,0.61785,0.50995,0.57415,0.44955,0.55215,0.0018,0.00345,0.00165,0.0007,0.0019,0,0.00245,0.00075,0.0011
TB194,TMP,0,0,48,1.64,1.64,1.64,0.41015,0.53635,0.57265,0.39445,0.00045,0,0.00045,0,0.0001,0,0,0.00095,0,0
TB194,V041,0,0,48,1.64,1.64,0.66,0.4192,0.5851,0.56355,0.23055,0.0017,0.00085,0.0011,0,0,0.0009,0.01855,0,0.0266,0.0417
TB194,V041,0,0,48,1.64,1.64,0.66,0.9074,0.6525,0.61475,0.36395,0.0038,0.00075,0.0017,0,0,0.001,0.00535,0.0039,0.0121,0.0086
TB194,V041,0,0,48,1.64,1.64,0.66,0.6993,0.5944,0.57445,0.26965,0.0035,0.00265,0.0031,0.0017,0.0013,0.0009,0.00355,0.0059,0.0297,0
TB194,V041,0,0,48,1.64,0.66,0.66,0.6847,0.5687,0.51555,0.15365,0.0014,0.00075,0.0056,0,0,0,0,0,0.0294,0
TB194,V041,0,0,48,1.64,1.64,0.66,0.6139,0.5467,0.5518,0.2427,0.00315,0.0025,0.0005,0,0,0.0003,0.0011,0.0065,0.06165,0.025
TB194,V041,0,0,48,1.64,1.64,0.66,0.7511,0.5975,0.6244,0.3365,0.00185,0,0.0006,0.00035,0.0016,0.0015,0.0078,0.0086,0,0.0374
TB194,V041,0,0,48,1.64,1.64,0.66,0.5525,0.5556,0.5988,0.2377,0.00655,0.0031,0.001,0.00075,0.0012,0.001,0.0048,0,0,0.0211
TB194,V041,0,0,48,1.64,1.64,0.66,0.5777,0.5186,0.5617,0.1943,0.00065,0,0,0,0,0,0,0.0053,0,0
T1D1,TMP,1,1,24,10.2,4.1,4.1,0.578,0.4454,0.4331,0.4133,0.35915,0.0441,0,0.0008,0,0,0,0,0,0
T1D2,TMP,1,2,24,10.2,4.1,4.1,0.5782,0.4445,0.4156,0.3836,0.42415,0.0563,0,0.0005,0,0,0,5.00E-05,0.00175,0.00075
T1D3,TMP,1,3,24,400,400,160,0.5884,0.5038,0.5012,0.4383,0.48475,0.5789,0.49255,0.5055,0.3417,0.28935,0,0.00015,0.00335,0.00055
T1D4,TMP,1,4,24,400,400,160,0.5602,0.4677,0.4754,0.4445,0.49775,0.591,0.48755,0.4987,0.3626,0.28775,0,0,0.00245,0.00215
T1D5,TMP,1,5,24,1000,400,400,0.5023,0.4332,0.4363,0.4336,0.46155,0.5986,0.48125,0.4868,0.3789,0.35775,0.0739,0.00165,0.00785,0.00265
T1D6,TMP,1,6,24,1000,400,400,0.523,0.51,0.4588,0.4685,0.49695,0.6147,0.44735,0.4593,0.3988,0.32585,0.0865,0.00295,0.00775,0.00205
T1D7,TMP,1,7,24,1000,400,400,0.5184,0.4775,0.4465,0.4687,0.55275,0.5987,0.49705,0.5378,0.3898,0.35675,0.1079,0.00545,0.00765,0.00265
T1D8,TMP,1,8,24,2500,1750,1000,0.5524,0.4752,0.4704,0.485,0.54715,0.6253,0.56655,0.6072,0.4922,0.47795,0.387,0.21895,0.07505,0.00765
T1D9,TMP,1,9,24,2500,1750,1000,0.4862,0.4053,0.4739,0.4402,0.49905,0.6334,0.53405,0.5125,0.4394,0.44105,0.3492,0.23945,0.09725,0.01185
T1D10,TMP,1,10,24,2500,1750,1000,0.5998,0.4757,0.4867,0.4588,0.52045,0.5317,0.50735,0.4868,0.4659,0.46635,0.4085,0.26015,0.14955,0.00885
T1D11,TMP,1,11,24,2500,2500,1750,0.5246,0.4716,0.4524,0.457,0.46315,0.5041,0.48955,0.4896,0.4614,0.43885,0.3927,0.28785,0.19305,0.01085
T1D12,TMP,1,12,24,2500,2500,1000,0.59,0.4555,0.4607,0.4332,0.46895,0.485,0.48095,0.4936,0.4661,0.47105,0.384,0.26405,0.17635,0.02185
T1D13,TMP,1,13,24,2500,2500,1000,0.6231,0.4356,0.4402,0.4582,0.45425,0.5134,0.46885,0.4646,0.4532,0.43515,0.3516,0.28885,0.17435,0.02075
T1D14,TMP,1,14,24,2500,2500,1750,0.5112,0.45,0.4307,0.4346,0.45815,0.5154,0.44305,0.4972,0.4468,0.46505,0.4143,0.32345,0.20105,0.02395
T1D15,TMP,1,15,24,6250,2500,1750,0.4991,0.4388,0.4344,0.4468,0.45715,0.5216,0.45305,0.4853,0.4317,0.43335,0.4195,0.32255,0.20535,0.03395
T1D16,TMP,1,16,24,2500,2500,1750,0.5007,0.4317,0.4209,0.4141,0.44155,0.542,0.46365,0.4812,0.4312,0.43385,0.4166,0.31855,0.20105,0.02205
T1D17,TMP,1,17,24,2500,2500,1750,0.51,0.4318,0.4181,0.4233,0.44685,0.5554,0.44695,0.4952,0.4292,0.43035,0.4287,0.30555,0.22865,0.02615
T1D18,TMP,1,18,24,6250,2500,1750,0.4995,0.4443,0.4285,0.4111,0.44405,0.5941,0.48865,0.5134,0.4317,0.44005,0.4027,0.30265,0.19115,0.03965
T1D19,TMP,1,19,24,6250,2500,1000,0.4885,0.4426,0.4267,0.4313,0.45075,0.5948,0.49405,0.5098,0.4207,0.44035,0.3961,0.29235,0.18395,0.03955
T1D20,TMP,1,20,24,6250,2500,1000,0.4732,0.448,0.4292,0.4347,0.44765,0.6112,0.48515,0.4781,0.4322,0.44815,0.3796,0.27815,0.19125,0.03595
T1D21,TMP,1,21,24,2500,2500,1000,0.486,0.4208,0.4528,0.441,0.46515,0.6202,0.45995,0.4752,0.4201,0.44735,0.3727,0.26915,0.17015,0.02675
V1D1,V041,1,1,24,1.64,0.66,0.66,0.67935,0.56555,0.4874,0.07145,0.002,0.00205,0,0,0,0,0,0,0.00175,0.03225
V1D2,V041,1,2,24,4.1,1.64,0.66,0.61525,0.54705,0.4951,0.29555,0.1002,0.00295,0.003,0,0,0.00115,0,0,0.04425,0.04995
V1D3,V041,1,3,24,4.1,1.64,0.66,0.61025,0.55785,0.52,0.28905,0.1071,0.00315,0.0025,0,0,0.00215,0,0.00975,0.07745,0.08265
V1D4,V041,1,4,24,10.2,10.2,4.1,0.64435,0.56505,0.5914,0.48175,0.4436,0.16535,0.0098,0.0008,0,0.00145,5.00E-05,0,0.09875,0.06045
V1D5,V041,1,5,24,25.6,25.6,25.6,0.60695,0.56245,0.5625,0.49925,0.4988,0.52885,0.3277,0,0,0.00135,0,0.03895,0.08865,0.05445
V1D6,V041,1,6,24,25.6,25.6,25.6,0.62895,0.54065,0.5414,0.53355,0.4956,0.54995,0.4064,0.0104,0,0.00125,0.00495,0,0.05645,0
V1D7,V041,1,7,24,64,25.6,25.6,0.59725,0.55405,0.5392,0.50105,0.551,0.51545,0.5348,0.0442,0,0.00155,0,0.00095,0.07695,0.16025
V1D8,V041,1,8,24,64,25.6,25.6,0.65465,0.55905,0.5297,0.52075,0.5621,0.59855,0.5224,0.1178,0,0.00275,0.00125,0,0.09305,0.15675
V1D9,V041,1,9,24,64,64,64,0.65275,0.57645,0.5399,0.53935,0.5799,0.56735,0.6205,0.427,0.0154,0.00365,0,0.01385,0.09305,0.15645
V1D10,V041,1,10,24,160,64,64,0.63815,0.57665,0.574,0.51345,0.5298,0.53855,0.5602,0.4494,0.0351,0.00195,0,0,0,0.02465
V1D11,V041,1,11,24,160,64,64,0.64975,0.58865,0.5641,0.50855,0.5243,0.50875,0.5356,0.4456,0.1037,0.00205,0.00095,0,0.07125,0.10245
V1D12,V041,1,12,24,160,64,64,0.62735,0.58875,0.532,0.53515,0.5254,0.53625,0.539,0.4821,0.1402,0.00155,0,0,0,0.04515
V1D13,V041,1,13,24,160,160,64,0.63625,0.56595,0.5844,0.49735,0.5129,0.53095,0.5207,0.5098,0.1887,0.00155,0,0,0.09885,0.08885
V1D14,V041,1,14,24,160,160,64,0.59795,0.59655,0.5594,0.52985,0.5077,0.50685,0.5457,0.5124,0.2717,0,0,0.02065,0.09995,0.10315
V1D15,V041,1,15,24,160,160,160,0.62755,0.57675,0.5353,0.50235,0.5122,0.48315,0.5428,0.5295,0.5095,0.03065,0,0.01545,0.07805,0.10015
V1D16,V041,1,16,24,400,160,160,0.62265,0.53155,0.5459,0.48525,0.4757,0.49215,0.5117,0.528,0.5116,0.09975,0,0.01585,0.07325,0.10835
V1D17,V041,1,17,24,160,160,160,0.65495,0.58785,0.5445,0.47205,0.4683,0.50215,0.5286,0.5334,0.5142,0.02095,0,0.00705,0.09555,0.04525
V1D18,V041,1,18,24,400,160,160,0.66115,0.58325,0.5459,0.50705,0.5152,0.52885,0.5536,0.5799,0.5596,0.08695,0,0.03405,0.08545,0.10725
V1D19,V041,1,19,24,400,160,160,0.62365,0.51475,0.4997,0.48445,0.4949,0.52315,0.5341,0.5833,0.5692,0.12365,0,0,0.04515,0.03255
V1D20,V041,1,20,24,160,160,160,0.65885,0.50345,0.4983,0.46425,0.4878,0.49755,0.5419,0.5674,0.5538,0.00125,0,0,0.04345,0.00225
V1D21,V041,1,21,24,400,400,160,0.68875,0.50345,0.4988,0.49015,0.4971,0.54315,0.5337,0.5559,0.5915,0.23965,0,0,0.02695,0
T1D1,TMP,1,1,48,10.2,10.2,4.1,0.7009,0.49975,0.53405,0.4784,0.3668,0.3389,0,0,0.00025,0,0.00075,0,0,0
T1D2,TMP,1,2,48,10.2,10.2,10.2,0.7158,0.50925,0.51125,0.4245,0.4744,0.3637,0,0,0.00045,0,0.00155,0,0.00055,0
T1D3,TMP,1,3,48,400,400,400,0.6854,0.63915,0.62925,0.5773,0.5774,0.5353,0.5395,0.564,0.43085,0.3958,0.00035,0.0001,0.00295,0
T1D4,TMP,1,4,48,400,400,400,0.7072,0.66975,0.63505,0.5979,0.5689,0.5629,0.5577,0.5905,0.44035,0.3688,0.00035,0,0.00115,0
T1D5,TMP,1,5,48,1000,1000,1000,0.5855,0.57065,0.51135,0.5542,0.5327,0.7107,0.6018,0.6191,0.49005,0.4375,0.39755,0.0012,0.01665,0.00265
T1D6,TMP,1,6,48,1000,1000,1000,0.5979,0.59635,0.57245,0.5567,0.5857,0.7059,0.563,0.5906,0.52835,0.4067,0.50255,0.003,0.01045,0.00185
T1D7,TMP,1,7,48,2500,1750,1000,0.612,0.57485,0.55835,0.5487,0.5877,0.6789,0.595,0.6546,0.48895,0.4481,0.56425,0.2922,0.12125,0.00515
T1D8,TMP,1,8,48,6250,2500,1750,0.6895,0.66255,0.63805,0.6363,0.6733,0.7342,0.6808,0.7042,0.69135,0.6534,0.52625,0.4236,0.29275,0.04525
T1D9,TMP,1,9,48,6250,2500,1750,0.6153,0.59555,0.62085,0.5585,0.6301,0.6924,0.6222,0.6255,0.62605,0.611,0.48745,0.4462,0.29485,0.07585
T1D10,TMP,1,10,48,6250,2500,1750,0.6864,0.62995,0.66795,0.6417,0.7037,0.6818,0.6811,0.7009,0.70695,0.6724,0.54695,0.4777,0.33185,0.06675
T1D11,TMP,1,11,48,6250,2500,1750,0.6156,0.56495,0.74915,0.5751,0.7755,0.6408,0.636,0.6699,0.66355,0.6407,0.51315,0.4838,0.36555,0.08245
T1D12,TMP,1,12,48,6250,2500,1750,0.7028,0.56995,0.59305,0.5543,0.6197,0.6473,0.6539,0.6608,0.64355,0.6547,0.50415,0.4267,0.30025,0.11875
T1D13,TMP,1,13,48,6250,2500,1000,0.8834,0.57615,0.59445,0.5703,0.5516,0.6069,0.6072,0.6071,0.61305,0.6,0.47135,0.4345,0.34345,0.13465
T1D14,TMP,1,14,48,6250,2500,2500,0.5582,0.51755,0.50815,0.5332,0.5221,0.5838,0.5273,0.5941,0.57395,0.5911,0.49025,0.4364,0.36045,0.14285
T1D15,TMP,1,15,48,6250,6250,2500,0.5543,0.53485,0.52575,0.5509,0.5122,0.5686,0.5415,0.5766,0.56535,0.5816,0.49515,0.4269,0.34295,0.15645
T1D16,TMP,1,16,48,6250,6250,2500,0.5548,0.51365,0.51035,0.4945,0.4891,0.5825,0.5281,0.5658,0.55535,0.5656,0.47525,0.4148,0.34295,0.14735
T1D17,TMP,1,17,48,6250,6250,2500,0.5347,0.52925,0.50475,0.5112,0.4956,0.5844,0.5351,0.5938,0.55925,0.5638,0.50195,0.4118,0.35935,0.15525
T1D18,TMP,1,18,48,6250,2500,2500,0.6019,0.54945,0.54535,0.5179,0.4991,0.6365,0.5584,0.6007,0.58295,0.576,0.48395,0.4203,0.35505,0.14975
T1D19,TMP,1,19,48,6250,6250,2500,0.5987,0.55635,0.50825,0.5513,0.4922,0.6422,0.5853,0.6214,0.57845,0.5885,0.49295,0.4161,0.34635,0.16415
T1D20,TMP,1,20,48,6250,6250,2500,0.6436,0.59695,0.52145,0.5651,0.4863,0.6475,0.6243,0.6269,0.64265,0.6372,0.50695,0.4023,0.34405,0.16855
T1D21,TMP,1,21,48,6250,2500,1750,0.6086,0.55715,0.58025,0.5272,0.5874,0.7119,0.6157,0.6567,0.61925,0.6198,0.52425,0.4278,0.32825,0.15025
V1D1,V041,1,1,48,1.64,1.64,0.66,0.3594,0.5527,0.57645,0.24535,0.0011,0.00055,0,0,0,0,0.00255,0,0.001,0.0363
V1D2,V041,1,2,48,10.2,10.2,4.1,0.392,0.5472,0.57415,0.50115,0.4692,0.26925,0.0019,0,0,0.0023,0,0,0.0389,0.0511
V1D3,V041,1,3,48,10.2,10.2,4.1,0.4366,0.5744,0.60315,0.48385,0.4681,0.20985,0.0007,0,0,0.003,0,0.0114,0.0801,0.0817
V1D4,V041,1,4,48,25.6,25.6,25.6,0.5156,0.6241,0.65915,0.57155,0.5548,0.51225,0.365,0,0,0.0017,0,0.0042,0.1003,0.0588
V1D5,V041,1,5,48,64,25.6,25.6,0.4903,0.6252,0.63475,0.57425,0.5636,0.58315,0.4874,0.0405,0,0.0014,0,0.0474,0.0898,0.0537
V1D6,V041,1,6,48,64,64,25.6,0.5607,0.6429,0.61595,0.61695,0.5653,0.48675,0.5442,0.2069,0,0.0015,0.00305,0.0031,0.0576,0
V1D7,V041,1,7,48,64,64,64,0.543,0.6005,0.58515,0.57755,0.6096,0.43495,0.583,0.3203,0,0.0014,0,0.0045,0.0889,0.1693
V1D8,V041,1,8,48,64,64,64,0.6441,0.6606,0.63775,0.61975,0.6654,0.57175,0.6319,0.545,1.00E-04,0.0022,0.00085,0,0.0981,0.1608
V1D9,V041,1,9,48,160,160,64,0.6513,0.6627,0.63855,0.61615,0.6551,0.55255,0.6994,0.6012,0.2105,0.0031,0,0.0188,0.1032,0.1539
V1D10,V041,1,10,48,160,160,64,0.6199,0.6931,0.67865,0.63315,0.6546,0.65975,0.6713,0.5609,0.3067,0.0032,0,0,0,0.0209
V1D11,V041,1,11,48,160,160,64,0.9144,0.8743,0.64185,0.69385,0.7062,0.60235,0.6729,0.545,0.419,0.0033,0,0,0.074,0.1047
V1D12,V041,1,12,48,160,160,160,0.73,0.6884,0.65385,0.66865,0.6631,0.64905,0.6572,0.6234,0.4794,0.0034,0,0,0,0.0484
V1D13,V041,1,13,48,400,400,160,0.7349,0.6734,0.70155,0.62415,0.6482,0.64765,0.6273,0.6487,0.5337,0.3183,0,0,0.1076,0.0891
V1D14,V041,1,14,48,160,160,160,0.6774,0.636,0.64895,0.63875,0.5948,0.60255,0.6167,0.6383,0.6027,0,0,0.0275,0.1053,0.1059
V1D15,V041,1,15,48,400,400,400,0.6722,0.5963,0.58675,0.57575,0.5455,0.52145,0.567,0.6094,0.6348,0.4308,0,0.0248,0.0831,0.1074
V1D16,V041,1,16,48,400,400,400,0.6409,0.5321,0.55195,0.51905,0.4906,0.51565,0.5297,0.5772,0.6257,0.451,0,0.0193,0.0769,0.1158
V1D17,V041,1,17,48,400,400,400,0.679,0.5887,0.55785,0.51525,0.5279,0.54025,0.5753,0.6013,0.6461,0.4381,0,0.0142,0.0954,0.0468
V1D18,V041,1,18,48,400,400,400,0.6789,0.6213,0.60095,0.55595,0.5714,0.58585,0.6052,0.5986,0.5632,0.4403,0,0.0389,0.0856,0.1069
V1D19,V041,1,19,48,400,400,400,0.6735,0.5684,0.57695,0.52585,0.5639,0.58055,0.564,0.5753,0.5217,0.4408,0,0,0.0483,0.0358
V1D20,V041,1,20,48,400,400,400,0.6955,0.5561,0.56105,0.50375,0.5418,0.54425,0.5677,0.5534,0.5037,0.3847,0,0,0.048,0.003
V1D21,V041,1,21,48,400,400,400,0.8155,0.5621,0.58115,0.52055,0.5429,0.60745,0.5703,0.5439,0.5159,0.4122,0,0,0.0294,0
T2D1,TMP,2,1,24,4.1,4.1,4.1,0.5709,0.5197,0.4963,0.4264,0.37225,0.019,0.00295,0.0038,0.001,0,0.0008,0.00035,0.00205,0.00085
T2D2,TMP,2,2,24,4.1,4.1,4.1,0.5595,0.5157,0.4925,0.4583,0.37485,0.0032,0.00255,0.0012,0.0002,0,0,0,0.01405,0.00025
T2D3,TMP,2,3,24,25.6,10.2,10.2,0.6119,0.6184,0.5573,0.5791,0.50675,0.4779,0.12875,0.0081,0.0013,0,0.0001,0,0.00275,0
T2D4,TMP,2,4,24,25.6,10.2,10.2,0.5745,0.6158,0.565,0.5641,0.51455,0.4956,0.14765,0.0102,0.0021,0.00025,0.0005,0,0.00285,0
T2D5,TMP,2,5,24,64,25.6,10.2,0.5745,0.5836,0.5414,0.5773,0.52655,0.5074,0.22285,0.0511,0.0003,0,0,0,0.00205,0.00315
T2D6,TMP,2,6,24,400,400,400,0.5583,0.6166,0.6154,0.5785,0.55455,0.5312,0.53735,0.6503,0.4909,0.43825,0.0183,0.00015,0.00805,0.00195
T2D7,TMP,2,7,24,400,400,400,0.5692,0.5468,0.5423,0.5378,0.54475,0.451,0.53785,0.6015,0.5007,0.40005,0.0088,0.00045,0.00955,0.00105
T2D8,TMP,2,8,24,400,400,400,0.6028,0.5772,0.5714,0.5553,0.54175,0.4979,0.57035,0.6402,0.4846,0.40665,0.0093,0,0.00995,0.00105
T2D9,TMP,2,9,24,1750,1000,1000,0.5632,0.5205,0.5236,0.5187,0.53625,0.5137,0.57515,0.6119,0.4744,0.43805,0.4158,0.03465,0.01165,0.00095
T2D10,TMP,2,10,24,2500,1750,1000,0.5238,0.513,0.5387,0.5235,0.52455,0.5271,0.55055,0.5649,0.5139,0.47775,0.4305,0.14865,0.03465,0.00215
T2D11,TMP,2,11,24,2500,1750,1000,0.5463,0.4915,0.4875,0.4998,0.51615,0.535,0.52185,0.5701,0.4804,0.47135,0.4221,0.16855,0.05235,0.00325
T2D12,TMP,2,12,24,2500,1750,1000,0.5358,0.4894,0.4709,0.4749,0.50455,0.5323,0.50775,0.5708,0.4624,0.45775,0.4201,0.18675,0.05675,0.00415
T2D13,TMP,2,13,24,2500,2500,1000,0.578,0.4964,0.4932,0.4852,0.49725,0.556,0.52875,0.5695,0.5028,0.52145,0.4241,0.26415,0.18345,0.02185
T2D14,TMP,2,14,24,6250,2500,1750,0.5223,0.459,0.4623,0.4681,0.46795,0.5243,0.49625,0.4931,0.4732,0.45025,0.4261,0.30615,0.21645,0.03165
T2D15,TMP,2,15,24,6250,2500,1750,0.5131,0.4825,0.4603,0.4439,0.48605,0.5165,0.49735,0.5278,0.4583,0.50905,0.421,0.29285,0.20875,0.03755
T2D16,TMP,2,16,24,6250,2500,1750,0.5161,0.5697,0.524,0.5028,0.52405,0.5388,0.50655,0.5293,0.475,0.53285,0.4116,0.34125,0.23565,0.08405
T2D17,TMP,2,17,24,6250,2500,1750,0.5019,0.531,0.4787,0.4697,0.49195,0.546,0.48955,0.5048,0.4736,0.47005,0.4253,0.31945,0.21205,0.04645
T2D18,TMP,2,18,24,6250,2500,1750,0.4962,0.4934,0.4864,0.4995,0.50415,0.5524,0.50195,0.5305,0.4849,0.48175,0.4355,0.31335,0.22025,0.06705
T2D19,TMP,2,19,24,6250,2500,1000,0.5181,0.4657,0.4502,0.4442,0.48335,0.5457,0.46885,0.5601,0.4575,0.46025,0.4014,0.27885,0.20935,0.05165
T2D20,TMP,2,20,24,6250,2500,1000,0.4788,0.4531,0.4382,0.4472,0.46235,0.5535,0.48255,0.4639,0.4435,0.47985,0.3993,0.25635,0.19315,0.05575
T2D21,TMP,2,21,24,6250,2500,1000,0.4806,0.4353,0.4435,0.4378,0.43595,0.5987,0.49345,0.4968,0.4449,0.46215,0.401,0.27735,0.18815,0.04085
V2D1,V041,2,1,24,1.64,0.66,0.66,0.62415,0.59485,0.4869,0.05375,0.0027,0.00245,0.0031,0.0022,0.0007,0,0,0,0,0
V2D2,V041,2,2,24,10.2,4.1,4.1,0.67555,0.59385,0.4858,0.37795,0.3439,0.11635,0.0007,0.0013,0,0,0,0.00255,0.01655,0.06075
V2D3,V041,2,3,24,10.2,4.1,4.1,0.65535,0.60665,0.5208,0.40695,0.3486,0.13645,0.0031,0.0016,0.0002,0.00085,0.00075,0.01015,0.05835,0.01905
V2D4,V041,2,4,24,25.6,25.6,10.2,0.63685,0.59815,0.5869,0.54635,0.5208,0.41905,0.1672,0.0038,0,5.00E-05,0,0.00925,0.07305,0.06775
V2D5,V041,2,5,24,64,64,25.6,0.60935,0.58255,0.5582,0.56725,0.5466,0.51955,0.5303,0.2887,0,0,0,0.04015,0.08185,0.05055
V2D6,V041,2,6,24,64,64,64,0.63395,0.63775,0.5937,0.54165,0.5611,0.53695,0.5418,0.3651,0.0047,0.00055,0,0.04395,0.09485,0.06625
V2D7,V041,2,7,24,64,64,64,0.63605,0.56335,0.5764,0.54635,0.5597,0.53445,0.5465,0.3383,0.0018,0.00055,0,0.04575,0.10455,0.08605
V2D8,V041,2,8,24,160,64,64,0.67475,0.64475,0.6389,0.56155,0.5836,0.55945,0.5662,0.4058,0.0525,0.00135,0.00375,0.02495,0.09915,0.03385
V2D9,V041,2,9,24,160,160,64,0.60835,0.58815,0.5714,0.57485,0.5574,0.56615,0.5797,0.5038,0.2895,0.00225,0,0,0.03935,0.03755
V2D10,V041,2,10,24,400,160,160,0.59305,0.54455,0.5428,0.52705,0.5502,0.53975,0.569,0.5844,0.5157,0.03925,0,0,0.08685,0.11365
V2D11,V041,2,11,24,160,160,160,0.66595,0.60505,0.5746,0.48035,0.4923,0.51025,0.53,0.518,0.4627,0.02175,0,0,0,0
V2D12,V041,2,12,24,160,160,160,0.62425,0.54335,0.5029,0.49295,0.5082,0.51225,0.5384,0.5274,0.4742,0.00045,0,0,0.09705,0.06455
V2D13,V041,2,13,24,160,160,160,0.65695,0.55285,0.5112,0.48255,0.5052,0.49585,0.5766,0.5372,0.5395,0.00285,0,0,0.11135,0.08215
V2D14,V041,2,14,24,400,160,160,0.67245,0.61865,0.5685,0.49585,0.5716,0.51715,0.582,0.5723,0.5365,0.03375,0,0,0.01465,0.12215
V2D15,V041,2,15,24,160,160,160,0.63935,0.57785,0.5432,0.47075,0.4847,0.46955,0.5361,0.5431,0.5501,0.02085,0,0.02915,0.05275,0.15435
V2D16,V041,2,16,24,400,400,160,0.65145,0.60805,0.5415,0.53445,0.5121,0.48425,0.6276,0.5474,0.5789,0.31515,0.00035,0.03715,0.09845,0.13515
V2D17,V041,2,17,24,400,400,160,0.65395,0.59505,0.5249,0.52325,0.5003,0.47115,0.5341,0.5183,0.5467,0.18025,0,0.03515,0.09515,0.07245
V2D18,V041,2,18,24,400,400,160,0.77215,0.69075,0.6597,0.58585,0.5929,0.55135,0.6154,0.638,0.7511,0.25865,0,0,0.04105,0.07935
V2D19,V041,2,19,24,160,160,160,0.62405,0.56925,0.5673,0.51255,0.5507,0.52435,0.5938,0.5735,0.4984,0.00065,0,0,0,0.00385
V2D20,V041,2,20,24,400,160,160,0.66635,0.53075,0.5314,0.51635,0.5431,0.53565,0.5579,0.6267,0.588,0.06885,0,0,0,0
V2D21,V041,2,21,24,400,160,160,0.65545,0.52095,0.5285,0.49725,0.5288,0.54775,0.5359,0.639,0.5558,0.08175,0,0,0,0
T2D1,TMP,2,1,48,10.2,10.2,10.2,0.6402,0.58085,0.53595,0.4726,0.4788,0.4229,0.0045,0.002,0,0.0003,0,0.0009,0.00155,0.00045
T2D2,TMP,2,2,48,10.2,10.2,4.1,0.6479,0.59435,0.54615,0.5131,0.4999,0.2861,0.0024,0,0,0,0,0,0.01545,0
T2D3,TMP,2,3,48,64,25.6,25.6,0.5803,0.70855,0.63945,0.6451,0.562,0.547,0.4264,0.0449,0,0,0,0.0005,0.00185,0.00045
T2D4,TMP,2,4,48,64,25.6,25.6,0.5155,0.69215,0.63145,0.6345,0.5799,0.5685,0.4554,0.0584,0.00035,0.0005,0,0,0.00185,0.00035
T2D5,TMP,2,5,48,64,64,64,0.4931,0.56725,0.48135,0.547,0.5906,0.5395,0.3847,0.5643,0,0,0,0.0001,0.00085,0.00025
T2D6,TMP,2,6,48,1000,1000,400,0.8336,0.80345,0.72415,0.6673,0.5429,0.4803,0.61,0.6692,0.51665,0.5567,0.32395,0,0.00845,0.00255
T2D7,TMP,2,7,48,1000,1000,400,0.612,0.60565,0.60825,0.5744,0.5349,0.4222,0.5804,0.5531,0.52685,0.5152,0.26445,0,0.00815,0.00205
T2D8,TMP,2,8,48,1000,1000,400,0.9088,0.72065,0.68365,0.659,0.6103,0.5635,0.6611,0.6972,0.61515,0.5502,0.34425,0.017,0.00805,0.00185
T2D9,TMP,2,9,48,2500,1750,1000,0.7814,0.68305,0.63155,0.6249,0.6058,0.5449,0.6432,0.7165,0.59145,0.5681,0.54275,0.318,0.11885,0.00125
T2D10,TMP,2,10,48,2500,1750,1750,0.6526,0.62585,0.60975,0.5954,0.5493,0.4845,0.5866,0.6338,0.58875,0.5709,0.54665,0.3677,0.12645,0.00275
T2D11,TMP,2,11,48,2500,1750,1000,0.6596,0.62935,0.62595,0.6314,0.6226,0.617,0.6179,0.7169,0.64225,0.5902,0.55555,0.3473,0.15195,0.02235
T2D12,TMP,2,12,48,6250,2500,1750,0.6582,0.64335,0.64545,0.6216,0.6423,0.6318,0.6293,0.7285,0.67195,0.6378,0.58395,0.4419,0.30315,0.09695
T2D13,TMP,2,13,48,6250,6250,2500,0.6186,0.58325,0.58655,0.5664,0.581,0.6122,0.5978,0.6939,0.67885,0.6282,0.57065,0.4283,0.35365,0.26965
T2D14,TMP,2,14,48,6250,6250,2500,0.6574,0.58845,0.58225,0.5811,0.5532,0.554,0.6283,0.6591,0.64235,0.6302,0.54705,0.4576,0.36005,0.27895
T2D15,TMP,2,15,48,6250,6250,2500,0.5196,0.53985,0.55405,0.5384,0.5243,0.5189,0.5766,0.6339,0.60805,0.6065,0.53225,0.4649,0.35075,0.30395
T2D16,TMP,2,16,48,6250,6250,1750,0.8845,0.86235,0.70035,0.6369,0.6301,0.5858,0.637,0.6815,0.63395,0.6464,0.55375,0.5342,0.39495,0.30345
T2D17,TMP,2,17,48,6250,6250,2500,0.5564,0.61205,0.58555,0.5483,0.5639,0.5457,0.5832,0.6526,0.63245,0.6294,0.54475,0.503,0.39095,0.29545
T2D18,TMP,2,18,48,6250,6250,1750,0.871,0.66945,0.62845,0.6185,0.5995,0.6151,0.6789,0.7303,0.62775,0.6482,0.56015,0.4915,0.38275,0.31405
T2D19,TMP,2,19,48,6250,6250,2500,0.596,0.56895,0.55215,0.5266,0.515,0.5477,0.5673,0.6767,0.59225,0.6205,0.50435,0.4314,0.35565,0.33725
T2D20,TMP,2,20,48,6250,6250,6250,0.6076,0.58735,0.54965,0.5376,0.5186,0.5652,0.559,0.6349,0.60815,0.6373,0.50365,0.3997,0.34855,0.31915
T2D21,TMP,2,21,48,6250,6250,1750,0.62,0.57565,0.56265,0.5504,0.5279,0.6341,0.6137,0.6795,0.62305,0.6485,0.48515,0.4044,0.31835,0.31805
V2D1,V041,2,1,48,1.64,1.64,0.66,0.4897,0.6389,0.58895,0.19565,0.0018,0.00085,0.0026,0.0002,0,0.0013,0,0,0,0
V2D2,V041,2,2,48,10.2,10.2,10.2,0.6108,0.6253,0.56535,0.50625,0.5077,0.48335,0.0023,0,0,0.0009,0,0,0.0159,0.0642
V2D3,V041,2,3,48,10.2,10.2,10.2,0.7263,0.6397,0.61055,0.52525,0.5012,0.47905,0.0009,0,0,0.0024,0,0.0243,0.0557,0.0191
V2D4,V041,2,4,48,64,64,25.6,0.6384,0.6909,0.63465,0.63765,0.5395,0.53405,0.498,0.2949,0,0.001,0,0.0149,0.0785,0.0705
V2D5,V041,2,5,48,64,64,64,0.6016,0.5859,0.56095,0.57245,0.5451,0.49805,0.5531,0.4973,0,0.0003,0,0.0457,0.0858,0.0541
V2D6,V041,2,6,48,160,160,64,0.6954,0.7088,0.66355,0.64355,0.6521,0.63075,0.5935,0.5671,0.1888,0.0015,0,0.048,0.1003,0.0693
V2D7,V041,2,7,48,160,160,160,0.6646,0.622,0.61395,0.60095,0.6139,0.56925,0.5866,0.5249,0.4479,0.0014,0,0.054,0.1117,0.0914
V2D8,V041,2,8,48,400,160,160,0.8245,0.805,0.79265,0.74445,0.7555,0.71965,0.7091,0.645,0.6014,0.1343,0.00175,0.0309,0.1007,0.0403
V2D9,V041,2,9,48,400,400,400,0.6334,0.6825,0.64425,0.65495,0.6518,0.63835,0.6573,0.6611,0.6223,0.3978,0,0,0.0435,0.0392
V2D10,V041,2,10,48,400,400,400,0.5885,0.6629,0.68165,0.64735,0.6742,0.64585,0.6633,0.7178,0.6026,0.3828,0,0,0.0943,0.1227
V2D11,V041,2,11,48,400,400,160,0.7308,0.7197,0.70835,0.65635,0.6745,0.67105,0.6668,0.693,0.6353,0.3075,0,0,0,0
V2D12,V041,2,12,48,160,160,160,0.7405,0.6831,0.63505,0.63265,0.6668,0.65165,0.6781,0.7271,0.6548,0.0013,0,0,0.1024,0.0605
V2D13,V041,2,13,48,400,400,160,0.7415,0.6444,0.64855,0.62555,0.6467,0.62915,0.6904,0.722,0.7375,0.317,0,0.0081,0.1163,0.0818
V2D14,V041,2,14,48,400,400,160,0.7922,0.7313,0.69155,0.66015,0.7006,0.66395,0.7168,0.7624,0.7055,0.396,0,0,0.018,0.126
V2D15,V041,2,15,48,400,400,400,0.6881,0.6119,0.58775,0.59405,0.5483,0.55195,0.6055,0.6866,0.6876,0.3681,0,0.0388,0.0593,0.1613
V2D16,V041,2,16,48,400,400,400,0.705,0.6774,0.58925,0.61995,0.5808,0.52425,0.6057,0.625,0.7288,0.4589,0.00075,0.0475,0.0975,0.1386
V2D17,V041,2,17,48,400,400,400,0.6266,0.6065,0.53705,0.56465,0.516,0.49275,0.5638,0.6264,0.7077,0.4439,0,0.0442,0.0968,0.0778
V2D18,V041,2,18,48,400,400,400,0.8335,0.7978,0.75655,0.73635,0.7502,0.71925,0.7444,0.8142,0.8326,0.5472,0,0.0064,0.0458,0.0849
V2D19,V041,2,19,48,400,400,160,0.7223,0.6785,0.68115,0.65805,0.6767,0.63145,0.6809,0.7367,0.6602,0.2657,0,0,0,0.0038
V2D20,V041,2,20,48,400,400,400,0.7105,0.5867,0.60465,0.57785,0.5961,0.60135,0.5956,0.6403,0.6677,0.4028,0,0,0,0
V2D21,V041,2,21,48,400,400,160,0.7489,0.5603,0.56575,0.54095,0.5619,0.58725,0.5453,0.6083,0.5507,0.3683,0,0,0,0
T3D1,TMP,3,1,24,25.6,25.6,10.2,0.5785,0.5482,0.5355,0.5256,0.51285,0.4912,0.23465,0.0105,0.0015,0,0.0009,0,0.00245,0.00165
T3D2,TMP,3,2,24,25.6,25.6,10.2,0.5383,0.5468,0.5178,0.5317,0.49655,0.5181,0.25775,0.0081,0.0001,0,0.0019,0,0.00155,0
T3D3,TMP,3,3,24,160,160,160,0.491,0.5628,0.5281,0.551,0.53735,0.608,0.47615,0.4811,0.343,0.00365,0.0009,5.00E-05,0.00255,0.00135
T3D4,TMP,3,4,24,160,160,160,0.5072,0.5379,0.5355,0.5489,0.55135,0.5593,0.51815,0.5094,0.3571,0.01615,0.0013,0,0.00335,0.00175
T3D5,TMP,3,5,24,400,400,160,0.6207,0.5955,0.5689,0.6143,0.56365,0.526,0.54785,0.5963,0.4358,0.18395,0.0047,0.00195,0.00455,0.00325
T3D6,TMP,3,6,24,400,400,160,0.5825,0.5751,0.5368,0.5553,0.57145,0.6032,0.53945,0.5559,0.3994,0.19685,0.0017,0,0.00305,0.00025
T3D7,TMP,3,7,24,1000,1000,400,0.5307,0.5864,0.5618,0.5637,0.54585,0.5428,0.58515,0.6421,0.5295,0.45005,0.2973,0.00085,0.01035,0.00125
T3D8,TMP,3,8,24,2500,1000,1000,0.6095,0.5963,0.5661,0.5406,0.58775,0.5397,0.56815,0.5975,0.5127,0.50705,0.4337,0.06585,0.03115,0.00735
T3D9,TMP,3,9,24,1000,1000,1000,0.5092,0.5842,0.5654,0.53,0.53485,0.5598,0.54535,0.6809,0.5326,0.45315,0.4301,0.00265,0.01175,0.00175
T3D10,TMP,3,10,24,1000,1000,1000,0.6009,0.5607,0.5415,0.5515,0.54345,0.5921,0.57225,0.6268,0.542,0.48695,0.4317,0.00665,0.01385,0.00875
T3D11,TMP,3,11,24,2500,1000,1000,0.5854,0.5569,0.53,0.5519,0.54175,0.6238,0.57515,0.6812,0.533,0.50215,0.447,0.11615,0.08715,0.00335
T3D12,TMP,3,12,24,2500,1750,1000,0.5328,0.5009,0.5245,0.511,0.53285,0.6053,0.52985,0.5826,0.5003,0.47505,0.4362,0.20615,0.13165,0.01015
T3D13,TMP,3,13,24,6250,2500,2500,0.6335,0.5306,0.4967,0.5301,0.50995,0.6159,0.55605,0.6412,0.55,0.53405,0.4557,0.36475,0.36855,0.07285
T3D14,TMP,3,14,24,6250,2500,2500,0.5554,0.5132,0.5089,0.5013,0.52275,0.5821,0.55685,0.6127,0.5298,0.52795,0.4943,0.42245,0.34225,0.08575
T3D15,TMP,3,15,24,6250,2500,2500,0.576,0.5416,0.5286,0.5239,0.52305,0.5968,0.52875,0.6039,0.5605,0.54685,0.5594,0.43105,0.37055,0.14435
T3D16,TMP,3,16,24,6250,2500,2500,0.5613,0.5375,0.5069,0.5121,0.54325,0.6278,0.55005,0.6157,0.5768,0.54605,0.5344,0.43745,0.35865,0.12125
T3D17,TMP,3,17,24,6250,2500,2500,0.5848,0.5413,0.5072,0.5302,0.56515,0.6356,0.56105,0.6733,0.5903,0.57725,0.5191,0.42285,0.36795,0.10675
T3D18,TMP,3,18,24,6250,2500,2500,0.5342,0.5326,0.5167,0.5352,0.56895,0.6272,0.53785,0.6057,0.5507,0.53955,0.4831,0.39085,0.32815,0.10305
T3D19,TMP,3,19,24,6250,2500,1750,0.5288,0.5454,0.5146,0.5188,0.54155,0.5947,0.51575,0.6132,0.5111,0.52785,0.4759,0.34465,0.29715,0.10275
T3D20,TMP,3,20,24,6250,2500,1750,0.5112,0.4909,0.5063,0.5081,0.52895,0.5854,0.52885,0.5628,0.5051,0.52175,0.4546,0.33515,0.25335,0.10305
T3D21,TMP,3,21,24,6250,2500,1750,0.4926,0.4759,0.4592,0.4992,0.50905,0.6142,0.53965,0.5333,0.4795,0.52545,0.4317,0.32465,0.24515,0.10975
V3D1,V041,3,1,24,1.64,0.66,0.66,0.58895,0.54585,0.4482,0.06805,0.004,0.00565,0.003,0.0007,0.0003,0.00045,0.00355,0,0,0.02635
V3D2,V041,3,2,24,10.2,4.1,4.1,0.60945,0.57405,0.5521,0.50935,0.3402,0.03435,0.0018,0.0006,0,0.00015,0.00015,0.02475,0.04255,0.13645
V3D3,V041,3,3,24,10.2,4.1,4.1,0.67035,0.62025,0.562,0.52905,0.3437,0.05095,0.0029,0.0012,0,0,0,0.03275,0.06235,0.08205
V3D4,V041,3,4,24,25.6,25.6,10.2,0.56885,0.53845,0.5134,0.55125,0.5355,0.42425,0.1884,0.005,0.0002,0.00105,0,0,0.11075,0.12025
V3D5,V041,3,5,24,64,64,64,0.59175,0.55365,0.5023,0.58425,0.5601,0.55285,0.556,0.3317,0.0012,0.00145,0,0.04825,0.06715,0.05765
V3D6,V041,3,6,24,64,64,25.6,0.67545,0.55325,0.5413,0.54805,0.5494,0.54265,0.5672,0.2908,0,0.00015,0.00145,0.04905,0.11495,0.11885
V3D7,V041,3,7,24,64,64,64,0.63805,0.54965,0.5165,0.53385,0.5594,0.52145,0.5879,0.3405,0.0001,0.00045,0.00055,0.04765,0.10485,0.04385
V3D8,V041,3,8,24,160,64,64,0.59865,0.62175,0.5536,0.53395,0.5525,0.57215,0.5754,0.4924,0.0717,0.00255,0.00185,0.05045,0.08585,0.07495
V3D9,V041,3,9,24,64,64,64,0.68195,0.60175,0.5581,0.55695,0.5872,0.58245,0.6197,0.4109,0.025,0.00105,0,0.00425,0.10335,0.09075
V3D10,V041,3,10,24,160,160,64,0.61535,0.54565,0.5297,0.55545,0.552,0.53605,0.5771,0.5293,0.1605,0.00175,0.00185,0.00225,0.08245,0.11425
V3D11,V041,3,11,24,160,160,160,0.60765,0.54325,0.5244,0.54095,0.529,0.54505,0.5577,0.5727,0.32,0.00105,0,0,0.03965,0.09905
V3D12,V041,3,12,24,160,160,64,0.58815,0.50965,0.4916,0.50175,0.5007,0.51605,0.5339,0.5067,0.2867,0.00175,0,0,0.03555,0.02205
V3D13,V041,3,13,24,400,400,160,0.57885,0.54005,0.4879,0.46955,0.4806,0.50075,0.509,0.5294,0.5151,0.16285,0.00235,0.01295,0,0.02565
V3D14,V041,3,14,24,400,160,160,0.55995,0.53605,0.4647,0.45285,0.4233,0.45405,0.4781,0.5191,0.5037,0.07265,0,0,0.06955,0.08435
V3D15,V041,3,15,24,400,160,160,0.67025,0.53915,0.5589,0.46655,0.4827,0.46775,0.4978,0.5096,0.534,0.16105,0,0,0.09725,0.08365
V3D16,V041,3,16,24,400,160,160,0.60235,0.58155,0.5962,0.57625,0.4939,0.49835,0.548,0.5152,0.5383,0.04895,0.00245,0.00945,0.08595,0.04155
V3D17,V041,3,17,24,400,160,160,0.65695,0.59715,0.599,0.59515,0.6049,0.58595,0.6086,0.6198,0.6301,0.11645,0.00115,0.06445,0.06315,0.05855
V3D18,V041,3,18,24,400,400,160,0.62005,0.62405,0.5846,0.57785,0.5769,0.57875,0.6179,0.653,0.6614,0.18015,0.00175,0.05365,0.07015,0.09095
V3D19,V041,3,19,24,400,400,160,0.58795,0.57405,0.6124,0.56415,0.5923,0.56285,0.6306,0.6467,0.6084,0.16525,0,0.00055,0.07815,0.05615
V3D20,V041,3,20,24,400,400,160,0.59645,0.58505,0.5735,0.54855,0.5561,0.55265,0.5818,0.6504,0.6108,0.23655,0.00215,0,0.02545,0.07135
V3D21,V041,3,21,24,400,400,160,0.66345,0.51215,0.5372,0.50915,0.505,0.52605,0.5454,0.5669,0.6134,0.22955,0,0,0,0
T3D1,TMP,3,1,48,25.6,25.6,25.6,0.6211,0.63725,0.60065,0.5962,0.5515,0.555,0.4407,0.0225,0.00085,0.0012,0.00035,0,0.00175,0
T3D2,TMP,3,2,48,25.6,25.6,25.6,0.5738,0.64885,0.58065,0.5847,0.5452,0.5822,0.4606,0.0138,0,0.0001,0,0,0.00075,0
T3D3,TMP,3,3,48,400,400,160,0.4753,0.56955,0.50985,0.4954,0.4975,0.4237,0.5245,0.5487,0.42115,0.1723,0,0,0.00135,0.00045
T3D4,TMP,3,4,48,400,400,160,0.5006,0.53905,0.51875,0.4849,0.5043,0.3799,0.5639,0.5746,0.47125,0.1913,5.00E-05,0,0.00145,0
T3D5,TMP,3,5,48,400,400,160,0.9567,0.82365,0.69175,0.722,0.6019,0.5093,0.5074,0.6637,0.55385,0.4382,0.00025,0.0001,0.00275,0.00205
T3D6,TMP,3,6,48,1000,1000,400,0.7122,0.71245,0.60885,0.6549,0.6585,0.7351,0.6152,0.6351,0.56405,0.4919,0.22715,0,0.00155,0
T3D7,TMP,3,7,48,1000,1000,1000,0.6113,0.63785,0.59685,0.6066,0.6129,0.6325,0.6137,0.5967,0.53675,0.5654,0.49875,0,0.02995,0.00025
T3D8,TMP,3,8,48,2500,1750,1000,0.8869,0.75485,0.71555,0.6553,0.6958,0.6072,0.94,0.663,0.58205,0.6599,0.55085,0.2951,0.08205,0.01025
T3D9,TMP,3,9,48,2500,1750,1000,0.5901,0.65355,0.60665,0.6029,0.6118,0.6492,0.6006,0.6828,0.54945,0.5816,0.52065,0.2788,0.05225,0.00085
T3D10,TMP,3,10,48,2500,1750,1000,1.0333,0.74205,0.67855,0.6281,0.6235,0.641,0.6395,0.7008,0.62635,0.6504,0.54475,0.3168,0.14865,0.00435
T3D11,TMP,3,11,48,6250,2500,1000,1.0303,0.81655,0.71345,0.7265,0.6812,0.7248,0.7025,0.8208,0.70235,0.6914,0.58765,0.4326,0.35875,0.12045
T3D12,TMP,3,12,48,6250,6250,2500,0.7135,0.66705,0.67985,0.6637,0.7258,0.7264,0.6601,0.7252,0.68805,0.6688,0.57875,0.4996,0.40685,0.20535
T3D13,TMP,3,13,48,6250,6250,2500,0.8297,0.72215,0.73805,0.7285,0.7283,0.7795,0.7691,0.8406,0.81725,0.8212,0.70545,0.6121,0.52285,0.31665
T3D14,TMP,3,14,48,6250,6250,2500,0.7095,0.68285,0.68215,0.6713,0.6857,0.733,0.7259,0.8036,0.77215,0.741,0.69445,0.6031,0.45395,0.31655
T3D15,TMP,3,15,48,6250,6250,2500,0.7294,0.71515,0.70575,0.7067,0.7063,0.7372,0.6975,0.7911,0.78955,0.769,0.75835,0.6045,0.49405,0.31465
T3D16,TMP,3,16,48,6250,6250,2500,0.7307,0.71025,0.69785,0.6974,0.6923,0.7481,0.7054,0.7705,0.79525,0.7784,0.71715,0.6154,0.48225,0.30125
T3D17,TMP,3,17,48,6250,6250,2500,0.7343,0.68605,0.67475,0.7058,0.6745,0.7287,0.689,0.802,0.77515,0.7568,0.68055,0.5856,0.49965,0.29125
T3D18,TMP,3,18,48,6250,6250,2500,0.6527,0.65915,0.63825,0.6574,0.6309,0.6687,0.635,0.7073,0.71995,0.7079,0.63595,0.544,0.45865,0.29785
T3D19,TMP,3,19,48,6250,6250,2500,0.6301,0.60385,0.60805,0.6093,0.5815,0.6026,0.5886,0.6945,0.66645,0.6813,0.61265,0.4971,0.46085,0.30395
T3D20,TMP,3,20,48,6250,6250,2500,0.6374,0.59805,0.62205,0.6146,0.5985,0.605,0.625,0.6638,0.66285,0.6806,0.61665,0.5472,0.44785,0.27535
T3D21,TMP,3,21,48,6250,6250,2500,0.6358,0.57395,0.55125,0.5615,0.5466,0.605,0.6154,0.6899,0.71825,0.7286,0.59125,0.5194,0.41035,0.28655
V3D1,V041,3,1,48,1.64,1.64,0.66,0.6201,0.5799,0.57285,0.22905,0.0021,0.00115,0.0013,0.0008,0,0.0017,0.00575,0,0,0.0263
V3D2,V041,3,2,48,10.2,10.2,10.2,0.6523,0.6057,0.57935,0.54375,0.4802,0.38425,0,0,0,0.0012,0,0.0302,0.0412,0.1022
V3D3,V041,3,3,48,10.2,10.2,10.2,0.6932,0.6582,0.62395,0.57935,0.4743,0.39935,0.0068,0,0,0.0018,0,0.0387,0.0677,0.0902
V3D4,V041,3,4,48,64,64,64,0.4597,0.4261,0.35145,0.40715,0.3958,0.49245,0.5224,0.3207,0.0004,0.003,0,0,0.1161,0.1255
V3D5,V041,3,5,48,64,64,64,0.6103,0.546,0.46195,0.56165,0.5256,0.50565,0.5793,0.5502,0.0054,0.0032,0,0.0464,0.0717,0.0634
V3D6,V041,3,6,48,64,64,64,0.6822,0.5689,0.59115,0.54885,0.5588,0.56575,0.561,0.5302,0.002,0.0019,0.00085,0.0541,0.123,0.1208
V3D7,V041,3,7,48,160,160,64,0.6739,0.5873,0.55255,0.54125,0.576,0.52735,0.5937,0.5219,0.1976,0.0025,0.00155,0.0497,0.1098,0.0411
V3D8,V041,3,8,48,160,160,160,0.6875,0.7138,0.60175,0.62345,0.6414,0.66395,0.6317,0.6413,0.4634,0.0053,0.00035,0.0528,0.093,0.0847
V3D9,V041,3,9,48,160,160,160,0.7776,0.7016,0.59655,0.65925,0.6938,0.69485,0.6954,0.6139,0.4976,0.0034,0,0.0081,0.1034,0.0964
V3D10,V041,3,10,48,160,160,160,0.6791,0.5877,0.51935,0.58545,0.5915,0.59275,0.6239,0.6353,0.4705,0.0034,0.00185,0.0082,0.0876,0.1157
V3D11,V041,3,11,48,400,400,400,0.7049,0.6669,0.63295,0.65375,0.6294,0.64825,0.6471,0.6909,0.5586,0.4452,0,0,0.0414,0.1004
V3D12,V041,3,12,48,160,160,160,0.6598,0.6138,0.62325,0.60575,0.5923,0.61905,0.615,0.6125,0.4521,0.0045,0,0,0.0402,0.0215
V3D13,V041,3,13,48,400,400,400,0.7426,0.7263,0.64965,0.67965,0.7023,0.72425,0.6985,0.7091,0.744,0.4713,0.00285,0.0264,0,0.0251
V3D14,V041,3,14,48,400,400,400,0.5762,0.5702,0.50335,0.52745,0.4974,0.53715,0.5383,0.5698,0.6602,0.4332,0,0,0.0689,0.0833
V3D15,V041,3,15,48,400,400,400,0.6401,0.5725,0.56615,0.55595,0.5592,0.54535,0.5557,0.5985,0.6963,0.5065,0,0.0027,0.1004,0.0865
V3D16,V041,3,16,48,400,400,400,0.6155,0.5983,0.59135,0.60835,0.5905,0.54685,0.5985,0.6159,0.7256,0.4964,0.00145,0.0164,0.0882,0.0431
V3D17,V041,3,17,48,400,400,400,0.7277,0.703,0.67745,0.69415,0.7179,0.67695,0.6897,0.7548,0.8254,0.5752,0.00115,0.0677,0.0636,0.0581
V3D18,V041,3,18,48,400,400,400,0.6967,0.6879,0.64975,0.66785,0.6741,0.65565,0.6995,0.7403,0.7692,0.5452,0.00145,0.058,0.0688,0.0993
V3D19,V041,3,19,48,400,400,400,0.6582,0.6558,0.66135,0.65955,0.6756,0.65405,0.6661,0.7063,0.6906,0.4709,0,0.0076,0.0818,0.0528
V3D20,V041,3,20,48,400,400,400,0.6759,0.6509,0.64025,0.63795,0.6515,0.63675,0.6447,0.6642,0.6688,0.463,0.00035,0.0026,0.0261,0.0706
V3D21,V041,3,21,48,400,400,400,0.7974,0.5941,0.60245,0.56875,0.5488,0.56035,0.5696,0.5416,0.5098,0.4022,0,0,0,0
T4D1,TMP,4,1,24,25.6,25.6,10.2,0.5763,0.5335,0.5282,0.5123,0.47495,0.4944,0.24575,0.0147,0.0029,0.00035,0.0011,0,0.00085,0.00165
T4D2,TMP,4,2,24,25.6,25.6,10.2,0.6013,0.5543,0.5219,0.5406,0.50375,0.5205,0.28165,0.012,0.0035,0,0.0011,0.00015,0.00155,0.00045
T4D3,TMP,4,3,24,1000,1000,1000,0.5477,0.5364,0.5149,0.5246,0.52715,0.5564,0.52825,0.5886,0.4981,0.43905,0.4005,0.00375,0.01255,0.00365
T4D4,TMP,4,4,24,1000,1000,1000,0.5283,0.5259,0.5172,0.5183,0.52345,0.5575,0.53895,0.6056,0.52,0.45425,0.3812,0.00255,0.00815,0.00345
T4D5,TMP,4,5,24,1000,1000,1000,0.5588,0.5568,0.5232,0.5577,0.54845,0.6006,0.53595,0.598,0.5313,0.46075,0.4094,0.00305,0.02055,0.00155
T4D6,TMP,4,6,24,1000,1000,1000,0.5269,0.5099,0.499,0.5469,0.52385,0.5842,0.53555,0.5891,0.4988,0.45375,0.3381,0.00215,0.00595,0.00605
T4D7,TMP,4,7,24,2500,1750,1000,0.5191,0.5469,0.5287,0.5351,0.53665,0.5603,0.53845,0.6418,0.5306,0.47495,0.5021,0.26595,0.14745,0.01375
T4D8,TMP,4,8,24,6250,2500,1750,0.5757,0.5529,0.5303,0.5788,0.55275,0.558,0.58265,0.6488,0.5506,0.53935,0.4995,0.39165,0.31625,0.05485
T4D9,TMP,4,9,24,2500,2500,1750,0.5658,0.5507,0.517,0.5472,0.55605,0.5265,0.51985,0.6084,0.5357,0.52585,0.4778,0.37235,0.25035,0.01885
T4D10,TMP,4,10,24,2500,2500,1750,0.5534,0.5523,0.5248,0.535,0.55205,0.5454,0.52375,0.6315,0.5346,0.52955,0.5022,0.38585,0.26425,0.03075
T4D11,TMP,4,11,24,6250,2500,1750,0.518,0.5113,0.5118,0.5105,0.51445,0.5957,0.55265,0.5847,0.5219,0.52405,0.4768,0.35735,0.28535,0.05565
T4D12,TMP,4,12,24,6250,2500,2500,0.5464,0.5005,0.4909,0.4884,0.49395,0.6043,0.57445,0.5938,0.538,0.51535,0.4596,0.37135,0.30725,0.08155
T4D13,TMP,4,13,24,6250,2500,2500,0.5682,0.5041,0.4597,0.5051,0.54265,0.6444,0.58345,0.61,0.5403,0.54755,0.475,0.36895,0.32495,0.11525
T4D14,TMP,4,14,24,6250,2500,2500,0.5573,0.4711,0.469,0.4498,0.51955,0.6494,0.58345,0.6307,0.5761,0.55245,0.4919,0.38365,0.33215,0.11595
T4D15,TMP,4,15,24,6250,2500,1750,0.5488,0.479,0.4526,0.4555,0.55765,0.6519,0.57885,0.6136,0.5481,0.54095,0.4782,0.38735,0.32285,0.12705
T4D16,TMP,4,16,24,6250,2500,1750,0.5048,0.4733,0.4602,0.4735,0.51385,0.6412,0.57405,0.6389,0.5511,0.56115,0.4893,0.35765,0.29555,0.11375
T4D17,TMP,4,17,24,6250,2500,1750,0.5071,0.4522,0.4676,0.4752,0.53065,0.6513,0.56865,0.6253,0.5459,0.55765,0.4481,0.34815,0.30765,0.14405
T4D18,TMP,4,18,24,6250,2500,1750,0.4769,0.4577,0.4482,0.4854,0.52715,0.6457,0.56555,0.5948,0.521,0.55595,0.4808,0.35735,0.32285,0.15005
T4D19,TMP,4,19,24,6250,2500,1750,0.4928,0.5077,0.4926,0.5004,0.53065,0.6474,0.57245,0.6371,0.5367,0.56005,0.4766,0.33985,0.28785,0.13205
T4D20,TMP,4,20,24,6250,2500,1750,0.5146,0.508,0.5081,0.5327,0.54045,0.6544,0.55935,0.6171,0.5385,0.56015,0.4867,0.34175,0.26565,0.14495
T4D21,TMP,4,21,24,6250,2500,1750,0.5149,0.488,0.5042,0.5263,0.52905,0.6569,0.58145,0.6262,0.5589,0.58725,0.5266,0.35315,0.26735,0.12055
V4D1,V041,4,1,24,1.64,0.66,0.66,0.60005,0.52485,0.4712,0.06065,0.0032,0.00265,0.002,0.0003,0,0,0,0,0,0.00805
V4D2,V041,4,2,24,4.1,4.1,1.64,0.60475,0.51325,0.4904,0.33995,0.1834,0.01315,0.003,0,0.0002,0.00155,0.00185,0,0.09795,0.09205
V4D3,V041,4,3,24,4.1,4.1,1.64,0.59945,0.52365,0.4747,0.33285,0.1693,0.01485,0.0035,0,0,0.00115,0.00155,0,0.09225,0.07465
V4D4,V041,4,4,24,25.6,10.2,10.2,0.55145,0.53015,0.5127,0.51415,0.484,0.41875,0.0533,0.0009,0.0003,0.00045,0.00235,0.04455,0.08935,0.06645
V4D5,V041,4,5,24,64,64,25.6,0.57005,0.56635,0.5565,0.48525,0.5173,0.55005,0.5158,0.1992,0.0003,0.00075,0.00085,0.03875,0.08325,0.05425
V4D6,V041,4,6,24,64,64,25.6,0.59185,0.55725,0.5655,0.55555,0.5378,0.55495,0.495,0.2827,0,0,0.00095,0.03455,0.07005,0.07575
V4D7,V041,4,7,24,160,64,64,0.59195,0.57065,0.5609,0.56675,0.5472,0.57535,0.533,0.3509,0.0645,0.00105,0.00145,0.03985,0.04415,0.04695
V4D8,V041,4,8,24,160,160,160,0.57475,0.56395,0.5571,0.53275,0.5417,0.56065,0.5632,0.5925,0.44,0.00025,0.00205,0.05335,0.09835,0.07065
V4D9,V041,4,9,24,160,160,160,0.59795,0.61595,0.5874,0.59255,0.5434,0.58385,0.5785,0.5659,0.4002,0,0,0,0.05755,0.00405
V4D10,V041,4,10,24,160,160,160,0.52105,0.55365,0.5738,0.52315,0.5456,0.57585,0.5989,0.5635,0.4672,0,0.00195,0,0.07495,0.09035
V4D11,V041,4,11,24,400,160,160,0.61345,0.56755,0.5694,0.59265,0.4996,0.52545,0.5225,0.4836,0.4596,0.04865,0.00135,0,0,0.10935
V4D12,V041,4,12,24,160,160,160,0.52005,0.54435,0.5027,0.50125,0.4369,0.43365,0.4523,0.4763,0.4383,0.00065,0.00175,0,0.03655,0.04985
V4D13,V041,4,13,24,160,160,160,0.47045,0.51845,0.5192,0.52205,0.4101,0.42585,0.4673,0.4602,0.4482,0.00275,0.00435,0,0,0
V4D14,V041,4,14,24,160,160,160,0.63495,0.54135,0.511,0.55465,0.4252,0.43915,0.455,0.4636,0.4463,0,0.00035,0,0,0.13155
V4D15,V041,4,15,24,400,160,160,0.58695,0.56095,0.5575,0.55805,0.4535,0.45785,0.4602,0.4856,0.4669,0.07045,0.00215,0,0.05865,0.04835
V4D16,V041,4,16,24,160,160,160,0.56505,0.56945,0.546,0.55775,0.4928,0.51255,0.48,0.4703,0.4458,0,0.00185,0.00125,0.06675,0.05155
V4D17,V041,4,17,24,160,160,160,0.69645,0.64635,0.6,0.58975,0.5878,0.53265,0.5381,0.5559,0.4725,0.00025,0.00305,0.01005,0.05215,0.05535
V4D18,V041,4,18,24,160,160,160,0.69295,0.66425,0.5918,0.59155,0.5808,0.57505,0.5765,0.5257,0.4741,0,0.00075,0.01115,0.09975,0.08895
V4D19,V041,4,19,24,400,400,160,0.67235,0.62035,0.6223,0.62725,0.5861,0.58345,0.5976,0.5709,0.5513,0.18035,0,0,0.08065,0.09165
V4D20,V041,4,20,24,160,160,160,0.58595,0.51475,0.4997,0.51195,0.5101,0.51365,0.5393,0.6344,0.5777,0,0,0.00205,0,0.06945
V4D21,V041,4,21,24,400,160,160,0.60605,0.51965,0.4982,0.60655,0.5068,0.50705,0.5478,0.6219,0.5987,0.04015,0,0,0.02385,0.03125
T4D1,TMP,4,1,48,64,25.6,25.6,0.5936,0.56845,0.53205,0.5322,0.4951,0.5099,0.4424,0.0312,0.00225,0.0009,0,0,0.00125,0.00095
T4D2,TMP,4,2,48,25.6,25.6,10.2,1.0192,0.67225,0.63515,0.615,0.5802,0.5666,0.4968,0.0198,0.00145,0,0,0,0.00205,0
T4D3,TMP,4,3,48,2500,1000,1000,0.6182,0.63625,0.65135,0.602,0.6335,0.6239,0.5832,0.6355,0.59845,0.5834,0.51625,0.0515,0.04415,0.00415
T4D4,TMP,4,4,48,1000,1000,1000,0.6219,0.63655,0.63865,0.5963,0.6213,0.6295,0.5956,0.6432,0.59835,0.587,0.50115,0.0083,0.03395,0.00465
T4D5,TMP,4,5,48,2500,1000,1000,0.6698,0.67955,0.64365,0.6628,0.645,0.7062,0.6324,0.6938,0.65005,0.596,0.51795,0.0806,0.05415,0.00225
T4D6,TMP,4,6,48,2500,1750,1750,0.675,0.66215,0.66095,0.6719,0.6478,0.7125,0.6396,0.7113,0.65545,0.5902,0.49865,0.4159,0.05185,0.00105
T4D7,TMP,4,7,48,6250,6250,1750,0.6247,0.66045,0.60395,0.5931,0.6069,0.6519,0.597,0.6912,0.60745,0.5808,0.52585,0.3505,0.32275,0.23925
T4D8,TMP,4,8,48,6250,6250,1750,0.6686,0.64495,0.57175,0.6199,0.57,0.6073,0.6184,0.6524,0.60585,0.6249,0.61195,0.4041,0.32205,0.27445
T4D9,TMP,4,9,48,6250,6250,1750,0.62,0.59075,0.53045,0.5045,0.5407,0.5602,0.5046,0.5611,0.54205,0.541,0.53205,0.3754,0.28825,0.15855
T4D10,TMP,4,10,48,6250,6250,1750,0.6192,0.63365,0.56225,0.551,0.5768,0.5523,0.5493,0.6446,0.60145,0.6115,0.56905,0.4291,0.30945,0.20405
T4D11,TMP,4,11,48,6250,6250,2500,0.6991,0.66705,0.65085,0.6626,0.7238,0.7294,0.6651,0.7183,0.70745,0.6956,0.60575,0.4901,0.39405,0.24415
T4D12,TMP,4,12,48,6250,6250,2500,0.7082,0.69265,0.68375,0.6856,0.6932,0.7629,0.7254,0.7649,0.76525,0.722,0.66045,0.5734,0.43635,0.30695
T4D13,TMP,4,13,48,6250,6250,2500,0.7166,0.71175,0.72595,0.7155,0.712,0.7861,0.7461,0.7989,0.76935,0.7637,0.68875,0.5861,0.49405,0.32105
T4D14,TMP,4,14,48,6250,6250,2500,0.6991,0.68045,0.68865,0.6566,0.6649,0.7751,0.7232,0.7685,0.75205,0.7554,0.65525,0.5906,0.50155,0.31575
T4D15,TMP,4,15,48,6250,6250,2500,0.6807,0.66345,0.72345,0.6582,0.6567,0.7713,0.7051,0.7507,0.73715,0.7474,0.66495,0.6073,0.48435,0.30795
T4D16,TMP,4,16,48,6250,6250,2500,0.6791,0.66805,0.69075,0.6473,0.6454,0.7624,0.6936,0.7906,0.72085,0.7482,0.65945,0.5894,0.47915,0.30285
T4D17,TMP,4,17,48,6250,6250,2500,0.7107,0.70535,0.70385,0.6691,0.6524,0.7528,0.6785,0.7606,0.72935,0.7615,0.64835,0.5905,0.48305,0.32745
T4D18,TMP,4,18,48,6250,6250,2500,0.7401,0.71405,0.75195,0.6854,0.6547,0.7195,0.686,0.7226,0.75985,0.7718,0.66725,0.6029,0.48765,0.31785
T4D19,TMP,4,19,48,6250,6250,2500,0.7347,0.70975,0.72315,0.6706,0.6773,0.6937,0.705,0.7673,0.75425,0.7764,0.68385,0.5877,0.47795,0.30915
T4D20,TMP,4,20,48,6250,6250,2500,0.7934,0.75925,0.72525,0.7495,0.7112,0.6899,0.759,0.8019,0.84215,0.8386,0.73105,0.5735,0.46435,0.32915
T4D21,TMP,4,21,48,6250,6250,2500,0.7514,0.71115,0.72325,0.7026,0.7005,0.6838,0.6844,0.82,0.78035,0.7809,0.68005,0.5841,0.46045,0.32095
V4D1,V041,4,1,48,1.64,1.64,0.66,0.6409,0.5527,0.56735,0.18765,0.0012,0.00185,0.0007,0.0014,0,0.0005,0,0.0003,0,0.0075
V4D2,V041,4,2,48,10.2,10.2,10.2,0.6793,0.5675,0.58265,0.55445,0.4999,0.47865,0.0006,0.0003,0,0.0028,0,0.0019,0.101,0.0918
V4D3,V041,4,3,48,10.2,10.2,10.2,0.6422,0.5551,0.54445,0.51935,0.5035,0.44485,0.0005,0.001,0,0.0026,0.00045,0.0029,0.09,0.0789
V4D4,V041,4,4,48,64,25.6,25.6,0.5552,0.5063,0.47755,0.47925,0.4393,0.53305,0.4509,0.1266,0,0.001,0,0.0528,0.0926,0.0687
V4D5,V041,4,5,48,64,64,64,0.6577,0.6397,0.61155,0.54285,0.5791,0.64845,0.5684,0.4501,0,0.001,0,0.0374,0.0829,0.0598
V4D6,V041,4,6,48,64,64,64,0.5871,0.5406,0.51335,0.52635,0.5288,0.52095,0.5147,0.4569,0,0,0,0.034,0.0762,0.0798
V4D7,V041,4,7,48,160,160,160,0.5642,0.5339,0.49585,0.52755,0.524,0.52395,0.5898,0.5276,0.5675,0.0018,0,0.0405,0.0448,0.0491
V4D8,V041,4,8,48,400,400,160,0.6054,0.5592,0.58005,0.55725,0.5805,0.58535,0.5671,0.6959,0.6122,0.1969,0.00095,0.0615,0.1006,0.0762
V4D9,V041,4,9,48,160,160,160,0.6427,0.5611,0.54555,0.57855,0.5765,0.57225,0.5841,0.6154,0.5879,0,0,0,0.0586,0.0035
V4D10,V041,4,10,48,160,160,160,0.582,0.5149,0.52165,0.51075,0.5321,0.54425,0.5474,0.5604,0.5882,0.0002,0,0.0061,0.0762,0.0882
V4D11,V041,4,11,48,400,400,400,0.6141,0.5291,0.51195,0.52915,0.4856,0.49655,0.491,0.526,0.5403,0.3814,0,0,0,0.1146
V4D12,V041,4,12,48,160,160,160,0.6236,0.5948,0.57395,0.56395,0.5499,0.54745,0.5897,0.5531,0.6021,0.0018,0,0,0.0372,0.0458
V4D13,V041,4,13,48,400,400,160,0.6318,0.6115,0.58725,0.57855,0.5193,0.51325,0.5307,0.5266,0.5837,0.309,0.00175,0,0,0
V4D14,V041,4,14,48,160,160,160,0.6955,0.6238,0.54335,0.59215,0.5153,0.52665,0.534,0.5222,0.5698,0.0002,0,0,0,0.1338
V4D15,V041,4,15,48,400,400,400,0.6362,0.5978,0.55715,0.55545,0.5025,0.52075,0.4977,0.5389,0.543,0.4523,0.00075,1.00E-04,0.0627,0.0448
V4D16,V041,4,16,48,160,160,160,0.6365,0.5943,0.56745,0.57275,0.5683,0.54375,0.5168,0.5245,0.5381,0.0008,0.00035,0.0062,0.0651,0.0493
V4D17,V041,4,17,48,160,160,160,0.6716,0.6596,0.59795,0.57455,0.5417,0.55475,0.5532,0.5544,0.5393,0.0015,5.00E-05,0.0169,0.0505,0.049
V4D18,V041,4,18,48,160,160,160,0.6919,0.6442,0.59755,0.59655,0.5753,0.57195,0.5817,0.5709,0.5544,0.0045,0,0.014,0.1032,0.086
V4D19,V041,4,19,48,400,400,400,0.6948,0.6515,0.63125,0.65025,0.6116,0.59675,0.6171,0.5905,0.595,0.4824,0,0,0.085,0.0913
V4D20,V041,4,20,48,160,160,160,0.6766,0.6179,0.63765,0.61425,0.5923,0.57205,0.595,0.6538,0.5455,0.008,0,0.0081,0,0.0676
V4D21,V041,4,21,48,400,400,400,0.7113,0.6304,0.62075,0.68245,0.6083,0.60715,0.643,0.6721,0.6242,0.433,0,0,0.027,0.0277
T5D1,TMP,5,1,24,10.2,10.2,10.2,0.5617,0.49875,0.5527,0.49115,0.4356,0.38505,0,0.0031,0,0.00015,0,0,0,0.00905
T5D2,TMP,5,2,24,10.2,10.2,10.2,0.5849,0.49355,0.4946,0.49185,0.4395,0.36795,0.00215,0.0008,0,0.00165,0,0.0005,0.00035,0.00075
T5D3,TMP,5,3,24,64,25.6,10.2,0.5689,0.54295,0.5775,0.55255,0.4986,0.46965,0.21925,0.0463,0,0.00205,0,1.00E-04,0,0.00065
T5D4,TMP,5,4,24,64,25.6,10.2,0.5614,0.55315,0.5713,0.54515,0.5038,0.48565,0.25675,0.0847,0,0.00145,0,0,0,0.01555
T5D5,TMP,5,5,24,160,64,64,0.5062,0.47805,0.5307,0.50365,0.4462,0.53875,0.43015,0.3761,0.10255,0.01945,0,0.0003,0,0.00025
T5D6,TMP,5,6,24,1000,400,400,0.5171,0.46405,0.4908,0.48455,0.4518,0.58235,0.48095,0.4887,0.41825,0.38275,0.1299,0.0029,5.00E-05,0.00125
T5D7,TMP,5,7,24,1750,1000,400,0.5238,0.45705,0.4454,0.45875,0.4211,0.59445,0.42985,0.4516,0.41035,0.37615,0.2315,0.0392,0.00305,0.01345
T5D8,TMP,5,8,24,2500,1750,1750,0.6137,0.45585,0.4658,0.53245,0.4413,0.61215,0.45655,0.48,0.44515,0.54055,0.3521,0.3444,0.06105,0.01215
T5D9,TMP,5,9,24,2500,1750,1750,0.6812,0.47605,0.4541,0.52975,0.4426,0.58405,0.48415,0.4746,0.47435,0.50655,0.3694,0.3963,0.08365,0.03175
T5D10,TMP,5,10,24,6250,1750,1750,0.5605,0.54195,0.4844,0.53315,0.4922,0.60915,0.53465,0.5219,0.50775,0.50575,0.4287,0.4602,0.11205,0.03365
T5D11,TMP,5,11,24,6250,1750,1750,0.5178,0.50685,0.5053,0.49695,0.4762,0.50965,0.51565,0.5251,0.50765,0.48025,0.4518,0.4922,0.09665,0.03575
T5D12,TMP,5,12,24,6250,1750,1750,0.5155,0.49915,0.5426,0.48835,0.5747,0.51135,0.51015,0.5406,0.50765,0.51235,0.4151,0.4487,0.13655,0.04395
T5D13,TMP,5,13,24,6250,2500,1750,0.4832,0.47555,0.4332,0.49305,0.5152,0.49235,0.48335,0.4841,0.48345,0.45545,0.3859,0.4465,0.14755,0.06245
T5D14,TMP,5,14,24,6250,2500,1750,0.4806,0.46425,0.4264,0.43665,0.4079,0.45275,0.44905,0.4465,0.43265,0.45585,0.3971,0.4121,0.12815,0.04355
T5D15,TMP,5,15,24,6250,1750,1750,0.4845,0.45935,0.4173,0.42795,0.4052,0.43835,0.44025,0.4531,0.42235,0.48335,0.3623,0.3895,0.11325,0.05085
T5D16,TMP,5,16,24,6250,2500,1750,0.4491,0.44875,0.4631,0.44565,0.4001,0.42445,0.45005,0.449,0.42015,0.43735,0.3309,0.4027,0.13155,0.06275
T5D17,TMP,5,17,24,6250,2500,1750,0.5298,0.49785,0.5067,0.52175,0.4474,0.46835,0.50845,0.4994,0.48875,0.49075,0.3931,0.419,0.15615,0.07405
T5D18,TMP,5,18,24,6250,2500,1750,0.5083,0.48575,0.4892,0.52855,0.4549,0.50135,0.48055,0.4944,0.46775,0.44975,0.3887,0.3943,0.20425,0.10025
T5D19,TMP,5,19,24,6250,2500,1750,0.5223,0.46695,0.4691,0.51625,0.4504,0.49125,0.45845,0.4813,0.47315,0.43455,0.3905,0.3831,0.21425,0.11825
T5D20,TMP,5,20,24,6250,2500,1750,0.6016,0.47275,0.4827,0.52355,0.4601,0.48875,0.48205,0.4798,0.46015,0.44305,0.412,0.3903,0.19395,0.11165
T5D21,TMP,5,21,24,6250,2500,1750,0.6955,0.47065,0.4753,0.51905,0.4511,0.50795,0.46525,0.4674,0.46105,0.46015,0.3765,0.4038,0.19345,0.10245
V5D1,V041,5,1,24,0.66,0.66,0.66,0.54655,0.53985,0.468,0.02285,0.003,0.0023,0.0011,0,0,0,0,0,0.0455,0
V5D2,V041,5,2,24,10.2,4.1,4.1,0.54345,0.48325,0.4357,0.42715,0.2968,0.0355,0.0013,0.00185,0,0.00235,0.00135,0.04535,0.0565,0.04755
V5D3,V041,5,3,24,10.2,4.1,4.1,0.52505,0.48605,0.4476,0.42105,0.3064,0.0473,0.0016,0.00145,0,0.00175,0.00115,0.04075,0.0941,0.00255
V5D4,V041,5,4,24,25.6,25.6,10.2,0.50655,0.50515,0.4858,0.48245,0.5081,0.4033,0.1889,0,0,0.00235,0.00105,0,0.0248,0.00085
V5D5,V041,5,5,24,25.6,25.6,25.6,0.53645,0.51045,0.5448,0.54095,0.6042,0.5757,0.4735,0.02165,0,0.00085,0,0,0.1079,0.04995
V5D6,V041,5,6,24,64,25.6,25.6,0.53425,0.46885,0.5616,0.48655,0.5812,0.6827,0.4713,0.03995,0,0,0.00045,0,0.0495,0.04775
V5D7,V041,5,7,24,64,25.6,25.6,0.46785,0.51175,0.4998,0.44575,0.5436,0.6676,0.4638,0.09875,0,0,0,0,0,0.03375
V5D8,V041,5,8,24,64,64,25.6,0.46845,0.47655,0.5663,0.45815,0.5476,0.6356,0.473,0.23985,0.0173,0.00065,0.00025,0,0.0608,0.03345
V5D9,V041,5,9,24,160,160,64,0.44645,0.40905,0.4513,0.42005,0.5442,0.5131,0.4553,0.39315,0.1605,0.00205,0,0,0,0.04475
V5D10,V041,5,10,24,160,160,64,0.45805,0.41145,0.3929,0.45145,0.5005,0.4566,0.4243,0.37095,0.1755,0.00265,5.00E-05,0,0,0
V5D11,V041,5,11,24,160,160,64,0.41525,0.40225,0.397,0.40645,0.5114,0.4454,0.4231,0.37275,0.1532,0.00035,0.00725,0,0,0.03785
V5D12,V041,5,12,24,160,64,64,0.41495,0.48815,0.4041,0.40925,0.4835,0.4779,0.473,0.28615,0.0356,0.00395,0.00045,0,0.0436,0
V5D13,V041,5,13,24,160,160,160,0.40745,0.43485,0.4105,0.42275,0.4749,0.4536,0.4489,0.31985,0.2653,0.01305,0.00105,0,0.0848,0.03785
V5D14,V041,5,14,24,400,400,160,0.36545,0.36165,0.3785,0.37235,0.452,0.4128,0.4065,0.39825,0.3631,0.13065,0.00615,0,0,0.04635
V5D15,V041,5,15,24,400,400,160,0.37025,0.38815,0.3775,0.39555,0.4655,0.3991,0.4082,0.44285,0.4776,0.17765,0.00065,0,0,0.05055
V5D16,V041,5,16,24,400,160,160,0.38705,0.39315,0.4008,0.40105,0.4817,0.436,0.4183,0.40655,0.3681,0.04845,0,0,0.0753,0.01155
V5D17,V041,5,17,24,400,160,160,0.43745,0.45335,0.4494,0.44845,0.5301,0.4724,0.4684,0.44045,0.4061,0.08475,0.00165,0,0.0308,0.02015
V5D18,V041,5,18,24,400,400,160,0.41225,0.46265,0.4636,0.45745,0.5137,0.4825,0.4681,0.42515,0.4152,0.14605,0,0,0,0.03915
V5D19,V041,5,19,24,400,400,160,0.43195,0.41985,0.4748,0.44545,0.518,0.4519,0.4665,0.42605,0.3903,0.18565,0,0,0.0427,0.03585
V5D20,V041,5,20,24,400,400,160,0.44395,0.44095,0.4412,0.46315,0.5403,0.4503,0.4672,0.42575,0.4017,0.23175,0,0,0.019,0.03545
V5D21,V041,5,21,24,400,400,160,0.47775,0.46085,0.513,0.46895,0.5461,0.4683,0.4638,0.42555,0.4033,0.23705,0,0,0,0.07645
T5D1,TMP,5,1,48,10.2,10.2,10.2,0.64155,0.54795,0.62415,0.56615,0.49555,0.5253,0,0.00205,0.0029,0,0,0,0.00015,0
T5D2,TMP,5,2,48,10.2,10.2,10.2,0.66875,0.54405,0.57035,0.56625,0.50575,0.4996,0.00185,0.00135,0.0008,0.0021,0,0.00095,0.00015,0
T5D3,TMP,5,3,48,64,64,64,0.51915,0.57865,0.65195,0.54885,0.55095,0.5107,0.43535,0.40415,0.0004,0.0003,0,0.00035,0,0
T5D4,TMP,5,4,48,64,64,64,0.57415,0.63015,0.65375,0.59845,0.55015,0.5174,0.44635,0.43125,0.0002,0,0,0,0,0.0223
T5D5,TMP,5,5,48,400,400,400,0.55735,0.53295,0.55055,0.53115,0.47805,0.5573,0.44215,0.38605,0.497,0.3559,0,0,0,0
T5D6,TMP,5,6,48,1750,1750,1750,0.58325,0.51815,0.51795,0.48645,0.49005,0.7051,0.53155,0.53195,0.5163,0.5039,0.39725,0.44525,0.00615,0.0011
T5D7,TMP,5,7,48,2500,1750,1750,0.57935,0.44665,0.45125,0.45445,0.43755,0.7612,0.48075,0.47095,0.4703,0.4572,0.43075,0.47445,0.11615,0.02
T5D8,TMP,5,8,48,6250,2500,1750,0.72825,0.54335,0.52605,0.54105,0.49145,0.8121,0.53945,0.51745,0.559,0.5844,0.54575,0.53885,0.23975,0.0906
T5D9,TMP,5,9,48,6250,2500,1750,0.81205,0.57535,0.53275,0.53215,0.50435,0.7911,0.55025,0.52725,0.5687,0.5867,0.59135,0.55145,0.27185,0.1598
T5D10,TMP,5,10,48,6250,2500,1750,0.72145,0.67575,0.62185,0.67685,0.65755,0.7957,0.70525,0.67395,0.7471,0.6953,0.63995,0.64985,0.37405,0.1823
T5D11,TMP,5,11,48,6250,2500,1750,0.60935,0.81385,0.81175,0.58495,0.57195,0.6286,0.80055,0.88395,0.8374,0.7823,0.74865,0.82015,0.37105,0.2097
T5D12,TMP,5,12,48,6250,6250,1750,0.63585,0.64865,0.67025,0.61685,0.67375,0.6571,0.65605,0.66015,0.6808,0.6522,0.59415,0.64965,0.33745,0.1979
T5D13,TMP,5,13,48,6250,6250,1750,0.54655,0.57155,0.53515,0.56305,0.59655,0.5874,0.56705,0.54755,0.6122,0.5646,0.52955,0.60695,0.29925,0.2267
T5D14,TMP,5,14,48,6250,6250,1750,0.49815,0.49325,0.47815,0.52555,0.45805,0.5266,0.51555,0.48575,0.5216,0.4996,0.49315,0.52685,0.24795,0.1572
T5D15,TMP,5,15,48,6250,6250,1750,0.51585,0.48605,0.45585,0.44555,0.43555,0.4964,0.48285,0.47095,0.505,0.5029,0.44315,0.50245,0.23485,0.1765
T5D16,TMP,5,16,48,6250,6250,1750,0.48785,0.47925,0.47705,0.44975,0.42585,0.5018,0.49215,0.46585,0.4921,0.4764,0.44485,0.48665,0.23965,0.1713
T5D17,TMP,5,17,48,6250,6250,2500,0.53245,0.50605,0.50795,0.50535,0.47495,0.5344,0.54025,0.53545,0.5422,0.5243,0.52465,0.51945,0.35985,0.1853
T5D18,TMP,5,18,48,6250,6250,2500,0.57155,0.54705,0.54675,0.57925,0.51935,0.603,0.56855,0.58355,0.595,0.5775,0.57325,0.54365,0.39035,0.2479
T5D19,TMP,5,19,48,6250,6250,2500,0.62545,0.54235,0.54565,0.56725,0.54015,0.6067,0.54945,0.56825,0.5937,0.5677,0.56665,0.53195,0.38755,0.2548
T5D20,TMP,5,20,48,6250,6250,2500,0.73905,0.53855,0.55555,0.57045,0.53775,0.6355,0.55305,0.55485,0.5759,0.5636,0.58475,0.53095,0.37305,0.2682
T5D21,TMP,5,21,48,6250,6250,1750,0.94185,0.54645,0.56145,0.56905,0.53065,0.7091,0.57265,0.55955,0.5993,0.5877,0.57655,0.55335,0.38005,0.2713
V5D1,V041,5,1,48,1.64,1.64,0.66,0.5742,0.5653,0.5534,0.2582,0.00085,0.0015,0,0,0,0.0003,0,0,0.04915,0
V5D2,V041,5,2,48,10.2,10.2,10.2,0.6135,0.5216,0.5157,0.5425,0.54035,0.4247,0.0003,0.00035,0.0006,0.0028,0.003,0.0473,0.05445,0.0471
V5D3,V041,5,3,48,10.2,10.2,10.2,0.5925,0.5284,0.5216,0.5292,0.53235,0.4284,0.0004,0.00025,0.0011,0.0024,0.0028,0.0422,0.09595,0
V5D4,V041,5,4,48,64,25.6,25.6,0.5787,0.5775,0.5089,0.5292,0.58265,0.5901,0.5318,0.05815,0,0.0019,0.0039,0,0.02595,0
V5D5,V041,5,5,48,64,64,25.6,0.5872,0.6299,0.6431,0.6367,0.69935,0.6201,0.592,0.33825,0.0013,0.0004,0.0014,0,0.11655,0.0438
V5D6,V041,5,6,48,160,64,25.6,0.7171,0.6627,0.7167,0.6572,0.80235,0.8459,0.5452,0.38085,0.0674,0,0.0019,0,0.05765,0.0458
V5D7,V041,5,7,48,160,160,64,0.6943,0.6757,0.6357,0.6008,0.68675,0.8637,0.5367,0.44935,0.366,0,0.0003,0,0,0.0246
V5D8,V041,5,8,48,160,160,160,0.6371,0.694,0.7029,0.6079,0.71465,0.863,0.5696,0.44145,0.4462,0,0.0022,0,0.07475,0.0285
V5D9,V041,5,9,48,160,160,160,0.613,0.4991,0.5231,0.4872,0.58665,0.7785,0.5866,0.46985,0.4015,0.0088,0,0,0,0.042
V5D10,V041,5,10,48,160,160,160,0.6498,0.6243,0.6046,0.6006,0.68575,0.6436,0.6067,0.47065,0.4439,0.022,0.0001,0,0,0
V5D11,V041,5,11,48,160,160,160,0.7847,0.595,0.6217,0.5661,0.63575,0.6242,0.5691,0.47195,0.4679,0,0.0088,0,0,0.0463
V5D12,V041,5,12,48,160,160,160,0.6208,0.6359,0.5945,0.5894,0.61325,0.6426,0.6225,0.48845,0.4802,0.0043,0.0013,0,0.04665,0
V5D13,V041,5,13,48,400,400,400,0.5618,0.5413,0.5201,0.5959,0.59395,0.6015,0.6003,0.46345,0.5642,0.3775,0.0007,0.0026,0.08535,0.0355
V5D14,V041,5,14,48,400,400,400,0.452,0.4282,0.4141,0.4205,0.51285,0.5392,0.5248,0.49695,0.478,0.3566,0.0056,0,0,0.0526
V5D15,V041,5,15,48,400,400,400,0.4431,0.4312,0.4193,0.4286,0.49745,0.5168,0.5102,0.51675,0.6298,0.3698,0,0,0,0.0486
V5D16,V041,5,16,48,400,400,400,0.4413,0.4499,0.448,0.4481,0.53425,0.5408,0.5247,0.51355,0.5356,0.3728,0,0,0.08825,0.0057
V5D17,V041,5,17,48,400,400,400,0.532,0.5368,0.535,0.5601,0.61625,0.6101,0.6153,0.62715,0.5726,0.3657,0.0008,0,0.03615,0.0157
V5D18,V041,5,18,48,400,400,400,0.5087,0.5345,0.5256,0.5558,0.59755,0.6211,0.6214,0.57745,0.597,0.3944,0,0,0,0.0365
V5D19,V041,5,19,48,400,400,400,0.4948,0.4915,0.5043,0.5407,0.59945,0.5803,0.6076,0.57965,0.589,0.3974,0,0,0.05145,0.0351
V5D20,V041,5,20,48,400,400,400,0.4809,0.5182,0.481,0.5662,0.60265,0.6256,0.5925,0.55195,0.602,0.4048,0,0,0.03155,0.0341
V5D21,V041,5,21,48,400,400,400,0.5535,0.5528,0.5278,0.5475,0.60795,0.6758,0.6122,0.63005,0.634,0.4011,0,0,0,0.0824
T6D1,TMP,6,1,24,4.1,1.64,1.64,0.5608,0.46245,0.505,0.33985,0.0801,0.00235,0.00105,0.0014,0.00155,0.00045,0,0.0036,0.00085,0.00125
T6D2,TMP,6,2,24,4.1,1.64,0.66,0.5399,0.48275,0.4602,0.26215,0.071,0.00045,0,0,0,0,0,0.0004,0,0
T6D3,TMP,6,3,24,10.2,10.2,10.2,0.5363,0.54015,0.5312,0.51885,0.4717,0.43695,0.02205,0.0013,0.00025,0.00065,0,0.0017,0,0
T6D4,TMP,6,4,24,25.6,10.2,10.2,0.5729,0.54495,0.5292,0.51205,0.4583,0.43755,0.07815,0.002,0,0.00045,0,0.0009,0.00045,5.00E-05
T6D5,TMP,6,5,24,25.6,25.6,10.2,0.5507,0.53435,0.502,0.51755,0.4543,0.43285,0.17575,0.0212,0,0.00275,0.0005,0,0,0
T6D6,TMP,6,6,24,160,160,64,0.5606,0.55375,0.5495,0.56175,0.5285,0.54485,0.51935,0.4219,0.21865,0.00435,0.002,0,0.00095,0
T6D7,TMP,6,7,24,160,160,64,0.5745,0.55935,0.5452,0.55375,0.5096,0.53415,0.52535,0.4692,0.21215,0.00155,0,0,0.00025,5.00E-05
T6D8,TMP,6,8,24,160,160,64,0.5837,0.56785,0.5866,0.60835,0.5572,0.58635,0.57155,0.5156,0.29995,0.00595,0,0.0002,0,0
T6D9,TMP,6,9,24,160,160,64,0.5051,0.51595,0.5196,0.57915,0.518,0.57335,0.54655,0.4782,0.27055,0.00085,0,0,0,0
T6D10,TMP,6,10,24,400,160,160,0.4637,0.54255,0.538,0.56715,0.5228,0.55275,0.54685,0.5026,0.41915,0.09555,0,0,0,0
T6D11,TMP,6,11,24,400,400,400,0.5715,0.54315,0.537,0.57895,0.5441,0.58505,0.52695,0.5169,0.43595,0.29895,0,0.0049,0.00295,0.00335
T6D12,TMP,6,12,24,400,400,400,0.5546,0.52285,0.5392,0.55365,0.5418,0.53865,0.52135,0.5134,0.42385,0.30735,0,0.0016,0.00075,0.00285
T6D13,TMP,6,13,24,400,400,400,0.5454,0.53955,0.519,0.52435,0.536,0.54715,0.54025,0.5224,0.45715,0.33005,0.0034,0.0027,0.00205,0.00155
T6D14,TMP,6,14,24,6250,1750,1750,0.577,0.54205,0.5647,0.54975,0.534,0.56445,0.56045,0.5959,0.52865,0.47575,0.4436,0.442,0.10535,0.03345
T6D15,TMP,6,15,24,6250,2500,1750,0.529,0.52465,0.5174,0.54305,0.5112,0.53815,0.52715,0.5489,0.53675,0.49445,0.4706,0.4764,0.19985,0.08695
T6D16,TMP,6,16,24,6250,2500,2500,0.5549,0.57995,0.5491,0.50845,0.5581,0.59505,0.61105,0.5703,0.54765,0.55885,0.5126,0.4739,0.31715,0.12645
T6D17,TMP,6,17,24,6250,2500,1750,0.5453,0.50865,0.5011,0.52305,0.4894,0.52525,0.53655,0.5679,0.52125,0.51105,0.4572,0.4377,0.20885,0.06525
T6D18,TMP,6,18,24,6250,2500,2500,0.5329,0.52765,0.5113,0.54795,0.5064,0.54915,0.52235,0.5559,0.53455,0.50695,0.455,0.4828,0.28795,0.11405
T6D19,TMP,6,19,24,6250,2500,1750,0.549,0.51035,0.4918,0.52995,0.4737,0.49915,0.51125,0.5252,0.49925,0.51005,0.439,0.4412,0.18205,0.07705
T6D20,TMP,6,20,24,6250,1750,1750,0.7061,0.44945,0.4525,0.54135,0.4418,0.44985,0.48105,0.492,0.45735,0.49335,0.428,0.4601,0.16325,0.08295
T6D21,TMP,6,21,24,6250,2500,1750,0.6792,0.47995,0.4691,0.54525,0.4733,0.52455,0.51325,0.5144,0.50115,0.53065,0.4427,0.4765,0.18525,0.06815
V7D1,V041,7,1,24,0.66,0.66,0.66,0.56085,0.49435,0.4417,0.01815,0.0036,0.0012,0.0003,0.00095,1.00E-04,0.00195,0,0,0.0044,0
V7D2,V041,7,2,24,10.2,10.2,10.2,0.42195,0.40685,0.4108,0.41205,0.4461,0.3191,0.0055,0,0,0.00285,0,0,0.037,0.06985
V7D3,V041,7,3,24,10.2,10.2,10.2,0.41565,0.40795,0.4137,0.40175,0.4538,0.3083,0.0067,0.00075,0.0017,0.00305,0.00295,0,0.0638,0.04075
V7D4,V041,7,4,24,160,160,160,0.38665,0.37415,0.3879,0.37145,0.4445,0.4025,0.3969,0.40125,0.2516,0.00625,0.00195,0,0,0.08235
V7D5,V041,7,5,24,160,160,160,0.40755,0.39935,0.4117,0.39245,0.4819,0.4157,0.4135,0.45415,0.3059,0.00395,0,0,0,0.00985
V7D6,V041,7,6,24,160,160,64,0.46375,0.42635,0.4145,0.43305,0.4767,0.4303,0.4277,0.42535,0.2186,0.00035,0.00025,0.00175,0.082,0.01045
V7D7,V041,7,7,24,160,160,160,0.39215,0.41955,0.4529,0.39955,0.4855,0.4295,0.421,0.39945,0.3647,0,0,0,0.0227,0.06855
V7D8,V041,7,8,24,400,400,160,0.40915,0.40575,0.3896,0.38145,0.457,0.41,0.4245,0.38275,0.3818,0.12705,0,0,0,0
V7D9,V041,7,9,24,160,160,160,0.43445,0.42205,0.4461,0.40025,0.4737,0.4173,0.4189,0.39535,0.3608,0.01885,0,0,0.0411,0
V7D10,V041,7,10,24,400,400,160,0.39045,0.41345,0.4664,0.39085,0.5096,0.3911,0.4041,0.40775,0.3985,0.24035,0.00365,0,0,0.00745
V7D11,V041,7,11,24,400,400,160,0.39455,0.37865,0.3795,0.38185,0.5254,0.3959,0.4577,0.40845,0.3583,0.18855,0.00085,0,0,0
V7D12,V041,7,12,24,400,400,160,0.40935,0.38785,0.3894,0.39035,0.4602,0.3939,0.3948,0.40885,0.3766,0.21625,0.00095,0,0,0
V7D13,V041,7,13,24,400,400,160,0.40955,0.40955,0.4178,0.42685,0.4863,0.4256,0.4347,0.44685,0.424,0.12235,0.00175,0,0,0.04145
V7D14,V041,7,14,24,400,400,160,0.41025,0.41785,0.4116,0.42075,0.4943,0.4407,0.4376,0.47455,0.4354,0.20285,0.00095,0,0,0.02705
V7D15,V041,7,15,24,400,400,160,0.41865,0.46555,0.4123,0.40595,0.4876,0.4408,0.4338,0.44875,0.3845,0.17495,0.00015,0,0,0.02125
V7D16,V041,7,16,24,400,400,400,0.45875,0.43755,0.4328,0.40595,0.4597,0.416,0.4499,0.43995,0.438,0.27005,0.00175,0,0.0144,0
V7D17,V041,7,17,24,400,400,160,0.41165,0.41665,0.4085,0.40165,0.5037,0.4407,0.44,0.43365,0.3873,0.15705,0.00025,0,0.0214,0.01005
V7D18,V041,7,18,24,400,400,400,0.44945,0.47835,0.4552,0.46045,0.545,0.4593,0.4838,0.45645,0.4807,0.28085,0.00095,0,0.0319,0.00525
V7D19,V041,7,19,24,400,400,160,0.49195,0.51425,0.4813,0.47175,0.5509,0.5086,0.4908,0.46765,0.4198,0.23615,0,0,0,0
V7D20,V041,7,20,24,400,400,400,0.44045,0.44585,0.4823,0.45945,0.5083,0.4661,0.4635,0.48085,0.4515,0.25605,0,0,0,0.00455
V7D21,V041,7,21,24,400,400,160,0.48655,0.47255,0.4834,0.47455,0.4886,0.485,0.4563,0.46395,0.4404,0.19065,0,0,0,0
T6D1,TMP,6,1,48,4.1,4.1,4.1,0.66105,0.49425,0.61625,0.58705,0.39365,0.0014,0.00165,0,0.0022,0,0.00025,0.00225,0.00145,0.0008
T6D2,TMP,6,2,48,4.1,4.1,4.1,0.66535,0.52785,0.56645,0.47725,0.39055,0,0,0,0,0,0,0,0,0
T6D3,TMP,6,3,48,25.6,25.6,25.6,0.54825,0.61775,0.61605,0.58095,0.52735,0.4702,0.34665,0,0.0006,0,0,5.00E-05,0.00015,0
T6D4,TMP,6,4,48,25.6,25.6,25.6,0.56595,0.61465,0.60805,0.58205,0.52545,0.4828,0.44485,0,0,0,0,0,0.00045,0.0005
T6D5,TMP,6,5,48,64,64,64,0.48545,0.55065,0.50125,0.49125,0.48555,0.4591,0.46585,0.36305,0,0.0009,0.00085,0,0,0
T6D6,TMP,6,6,48,400,160,160,0.64855,0.65615,0.62205,0.61885,0.59975,0.6323,0.57705,0.51435,0.4766,0.0465,0.00205,0,0.00045,6.94E-18
T6D7,TMP,6,7,48,160,160,160,0.48275,0.57855,0.55625,0.49515,0.49645,0.5158,0.58435,0.54225,0.4346,0,0,0,0.00025,0.0005
T6D8,TMP,6,8,48,400,400,400,0.46695,0.66655,0.64865,0.61385,0.60075,0.55,0.57475,0.58325,0.5046,0.4398,0,0.00035,0,0
T6D9,TMP,6,9,48,400,400,400,0.48865,0.61545,0.58535,0.61735,0.59445,0.5038,0.60695,0.55215,0.4923,0.4612,0,0,0,0
T6D10,TMP,6,10,48,400,400,400,0.45235,0.59325,0.56085,0.54095,0.52975,0.3917,0.52475,0.56735,0.5204,0.4368,0,0.00035,0,0
T6D11,TMP,6,11,48,1000,400,400,0.50155,0.54905,0.60015,0.58265,0.55535,0.5737,0.51045,0.57075,0.5315,0.4403,0.07585,0.00505,0.00295,0.0045
T6D12,TMP,6,12,48,1000,400,400,0.53705,0.60855,0.62195,0.58985,0.58725,0.629,0.56885,0.59715,0.5409,0.4473,0.04385,0.00175,0.00095,0.0032
T6D13,TMP,6,13,48,1000,1000,1000,0.60035,0.60005,0.61445,0.56975,0.57415,0.5934,0.58125,0.58085,0.5741,0.4151,0.39105,0.00945,0.00195,0.0022
T6D14,TMP,6,14,48,6250,6250,1750,0.61975,0.59265,0.68845,0.59915,0.59415,0.6379,0.59855,0.62685,0.545,0.6149,0.58075,0.52255,0.31795,0.2374
T6D15,TMP,6,15,48,6250,6250,2500,0.58665,0.59505,0.61615,0.61535,0.61895,0.6337,0.61525,0.60975,0.6416,0.6142,0.61385,0.53895,0.32365,0.2521
T6D16,TMP,6,16,48,6250,6250,2500,0.67105,0.70395,0.67675,0.64235,0.68055,0.7193,0.72865,0.69625,0.7156,0.7019,0.67335,0.56245,0.40005,0.2658
T6D17,TMP,6,17,48,6250,6250,1750,0.68285,0.65505,0.64235,0.64535,0.62585,0.652,0.66495,0.69695,0.701,0.6679,0.63335,0.55915,0.34015,0.2302
T6D18,TMP,6,18,48,6250,6250,2500,0.67795,0.68845,0.67315,0.67075,0.64105,0.6936,0.65105,0.68735,0.7138,0.677,0.68595,0.60945,0.40225,0.2427
T6D19,TMP,6,19,48,6250,6250,1750,0.61435,0.59195,0.59825,0.57145,0.53835,0.5808,0.58435,0.61645,0.6335,0.6278,0.59925,0.55865,0.31495,0.2251
T6D20,TMP,6,20,48,6250,6250,1750,0.85715,0.55655,0.55085,0.55325,0.53595,0.5645,0.55335,0.54345,0.5654,0.5656,0.58935,0.55205,0.29885,0.2345
T6D21,TMP,6,21,48,6250,6250,1750,0.86725,0.63805,0.60745,0.64945,0.58795,0.6933,0.66195,0.64475,0.6818,0.6661,0.63315,0.57315,0.31165,0.2299
V7D1,V041,7,1,48,1.64,1.64,0.66,0.6091,0.531,0.5499,0.2261,0.00415,0.0003,0.0006,5.00E-05,0.002,0.0013,0,0,0.00895,0
V7D2,V041,7,2,48,25.6,25.6,10.2,0.5868,0.5263,0.5806,0.5421,0.55845,0.4379,0.1692,0,0.0004,0.0016,0,0,0.04375,0.0728
V7D3,V041,7,3,48,25.6,25.6,10.2,0.5433,0.5148,0.5028,0.5161,0.51365,0.4232,0.1433,0,0.0053,0.0023,0.0012,0,0.07025,0.0434
V7D4,V041,7,4,48,160,160,160,0.4974,0.4844,0.508,0.5341,0.52325,0.5726,0.5562,0.53045,0.4125,0.0132,0.0028,0,0,0.0971
V7D5,V041,7,5,48,160,160,160,0.5386,0.501,0.5266,0.4954,0.51345,0.5458,0.5541,0.58075,0.4408,0.0068,0,0,0.00535,0.0109
V7D6,V041,7,6,48,160,160,160,0.5604,0.5401,0.5308,0.5315,0.55795,0.5839,0.5714,0.58245,0.4143,0.0049,0.001,0.0036,0.08745,0.0083
V7D7,V041,7,7,48,400,400,400,0.4916,0.4807,0.4606,0.5169,0.53275,0.5616,0.5624,0.52855,0.5591,0.2894,0,0,0.03615,0.0723
V7D8,V041,7,8,48,400,400,400,0.5996,0.5408,0.5858,0.5841,0.61825,0.6616,0.6352,0.55435,0.5663,0.3685,0.0004,0.0007,0,0
V7D9,V041,7,9,48,400,400,400,0.5574,0.5136,0.5033,0.4978,0.54265,0.6208,0.5551,0.56775,0.5207,0.3578,0,0,0.04535,0
V7D10,V041,7,10,48,400,400,400,0.5203,0.5451,0.5006,0.5692,0.56315,0.6567,0.5737,0.52755,0.5921,0.3724,0.0022,0,0,0.0112
V7D11,V041,7,11,48,400,400,400,0.6113,0.5715,0.595,0.6037,0.64155,0.6491,0.6231,0.58635,0.5441,0.4327,0.0008,0,0,0
V7D12,V041,7,12,48,400,400,400,0.6048,0.5403,0.5854,0.6005,0.62025,0.6353,0.61,0.56845,0.5356,0.379,0.0007,0,0,0
V7D13,V041,7,13,48,400,400,400,0.6008,0.5902,0.5812,0.6031,0.59595,0.6273,0.6239,0.58545,0.6203,0.3764,0.0023,0,0,0.0471
V7D14,V041,7,14,48,400,400,400,0.5833,0.5691,0.5543,0.592,0.60715,0.6401,0.6289,0.61425,0.6546,0.4062,0.0018,0,0,0.0277
V7D15,V041,7,15,48,400,400,400,0.5703,0.5349,0.5265,0.5443,0.56525,0.5984,0.5893,0.56665,0.5704,0.4068,0.0018,0,0,0.0228
V7D16,V041,7,16,48,400,400,400,0.6645,0.5774,0.634,0.6029,0.59535,0.6292,0.6464,0.67285,0.7233,0.4365,0.0035,0,0.01685,0
V7D17,V041,7,17,48,400,400,400,0.5951,0.5729,0.5553,0.5787,0.56375,0.6106,0.6197,0.64355,0.6314,0.4133,0.0014,0,0.02875,0.0097
V7D18,V041,7,18,48,400,400,400,0.6307,0.6023,0.6141,0.6138,0.64505,0.6328,0.6385,0.64325,0.7088,0.4087,0.0021,0,0.03565,0.0047
V7D19,V041,7,19,48,400,400,400,0.5746,0.5728,0.5805,0.5747,0.61105,0.6116,0.6064,0.58805,0.6065,0.4167,0,0,0,0
V7D20,V041,7,20,48,400,400,400,0.5421,0.5531,0.5592,0.5675,0.61245,0.6764,0.5712,0.61155,0.5987,0.3993,0,0,0,0
V7D21,V041,7,21,48,400,400,400,0.6083,0.5363,0.5714,0.6226,0.57285,0.7106,0.6301,0.61175,0.6175,0.4019,0.0015,0,0,0
T7D1,TMP,7,1,24,25.6,10.2,10.2,0.6002,0.57375,0.5659,0.58435,0.5031,0.47645,0.03015,0,0.00085,0.00095,0,0.0004,0.00045,0.00045
T7D2,TMP,7,2,24,10.2,10.2,10.2,0.5969,0.58065,0.5909,0.56165,0.5082,0.48755,0.02385,0,0.00015,0.00065,0,0,0,0
T7D3,TMP,7,3,24,64,64,64,0.5668,0.52945,0.5318,0.52235,0.5115,0.49185,0.45085,0.3356,0.00165,0.02845,0,0,0,0
T7D4,TMP,7,4,24,64,64,64,0.5845,0.54505,0.5422,0.55715,0.5129,0.48395,0.43265,0.3903,0.00265,0,0,0,0,0.00485
T7D5,TMP,7,5,24,400,160,160,0.5939,0.56925,0.6016,0.56655,0.5638,0.60705,0.57445,0.4988,0.38395,0.07975,0.0019,0,0.00085,5.00E-05
T7D6,TMP,7,6,24,1000,1000,400,0.5878,0.55355,0.5353,0.55665,0.5183,0.54745,0.55525,0.591,0.50385,0.47455,0.2749,0.0027,0.00205,0.00085
T7D7,TMP,7,7,24,1000,1000,1000,0.5598,0.53315,0.5296,0.54705,0.5115,0.54355,0.53955,0.5943,0.49785,0.44575,0.2989,0.0094,0.00075,0.00075
T7D8,TMP,7,8,24,1750,1000,1000,0.5404,0.54835,0.5008,0.54755,0.5672,0.57035,0.54825,0.56,0.54835,0.50195,0.4056,0.0626,0.00745,0.00865
T7D9,TMP,7,9,24,6250,1750,1750,0.5633,0.53165,0.5287,0.54495,0.5076,0.52585,0.53575,0.5814,0.51955,0.50515,0.4717,0.457,0.13235,0.04335
T7D10,TMP,7,10,24,6250,2500,1750,0.5709,0.52105,0.5355,0.55825,0.5073,0.52075,0.52895,0.5388,0.54055,0.51585,0.4759,0.4866,0.17755,0.05435
T7D11,TMP,7,11,24,6250,2500,1750,0.5684,0.53115,0.5214,0.56405,0.5081,0.55595,0.53635,0.5667,0.54365,0.53105,0.475,0.4848,0.22485,0.06705
T7D12,TMP,7,12,24,6250,2500,1750,0.5807,0.49845,0.4972,0.53815,0.5009,0.52915,0.51795,0.5156,0.52035,0.53345,0.4534,0.4722,0.15695,0.05335
T7D13,TMP,7,13,24,6250,2500,1750,0.571,0.57105,0.5374,0.55635,0.5191,0.53245,0.51745,0.548,0.55725,0.53285,0.4338,0.5148,0.26115,0.09725
T7D14,TMP,7,14,24,6250,2500,1750,0.5246,0.52795,0.4939,0.52765,0.5026,0.49695,0.50715,0.5293,0.52635,0.52265,0.422,0.5062,0.25245,0.09445
T7D15,TMP,7,15,24,6250,2500,1750,0.5474,0.54115,0.556,0.52845,0.5094,0.54765,0.51845,0.5258,0.55495,0.52455,0.4352,0.5266,0.27505,0.13365
T7D16,TMP,7,16,24,6250,2500,1750,0.4866,0.51685,0.5132,0.52045,0.5023,0.48835,0.54405,0.5769,0.52355,0.58365,0.3947,0.5326,0.25665,0.13085
T7D17,TMP,7,17,24,6250,6250,1750,0.4866,0.50215,0.51,0.55055,0.5169,0.49045,0.51875,0.5584,0.53165,0.53025,0.4184,0.5365,0.27195,0.14125
T7D18,TMP,7,18,24,6250,2500,1750,0.5068,0.49285,0.4787,0.54015,0.5183,0.50425,0.49975,0.5611,0.50485,0.55505,0.4251,0.5243,0.26255,0.13325
T7D19,TMP,7,19,24,6250,2500,1750,0.4736,0.47385,0.4295,0.51335,0.4714,0.45485,0.46695,0.5374,0.50525,0.52765,0.4009,0.5212,0.25215,0.12705
T7D20,TMP,7,20,24,6250,2500,1750,0.5378,0.44495,0.4254,0.52335,0.4569,0.46435,0.47205,0.5008,0.51265,0.53775,0.3843,0.5147,0.24365,0.13375
T7D21,TMP,7,21,24,6250,2500,400,0.7859,0.42105,0.4171,0.53125,0.4447,0.46615,0.48585,0.4765,0.47005,0.50935,0.3844,0.4677,0.22275,0.13115
V6D1,V041,6,1,24,1.64,0.66,0.66,0.57155,0.47305,0.4542,0.03945,0.0045,0.0024,0.0003,0.00145,0,0.00045,0.00225,0.00615,0.0206,0
V6D2,V041,6,2,24,1.64,1.64,1.64,0.48005,0.44345,0.3625,0.26585,0.0037,0,0,0.00015,0,0,0,0,0.0246,0.05025
V6D3,V041,6,3,24,1.64,1.64,1.64,0.49625,0.45995,0.3581,0.27875,0.0078,0,0,0,0,0,0.00305,0,0,0
V6D4,V041,6,4,24,10.2,4.1,4.1,0.52395,0.52375,0.5275,0.50545,0.4036,0.0343,0.0001,0.00035,0.0004,0.00155,0,0.01015,0.0452,0
V6D5,V041,6,5,24,25.6,10.2,10.2,0.55145,0.56815,0.5807,0.51025,0.5385,0.3683,0.1084,0.00085,0.0003,0.00145,0.00145,0.03685,0.0256,0
V6D6,V041,6,6,24,64,25.6,25.6,0.48295,0.52495,0.5025,0.51175,0.5781,0.5228,0.5099,0.09465,0,0.00245,0,0.00695,0.0391,0
V6D7,V041,6,7,24,64,64,25.6,0.49185,0.48745,0.5117,0.49255,0.5696,0.5169,0.5002,0.21065,0.0045,0,0.00145,0,0.0652,0
V6D8,V041,6,8,24,160,64,64,0.51135,0.51835,0.5121,0.54475,0.5562,0.521,0.5093,0.28175,0.068,0.00355,0.00225,0.02605,0.0532,0.00215
V6D9,V041,6,9,24,160,160,64,0.47825,0.51555,0.522,0.48815,0.5449,0.5186,0.5055,0.39015,0.1794,0.00235,0,0,0.0777,0
V6D10,V041,6,10,24,160,160,160,0.43185,0.46385,0.4616,0.43275,0.5261,0.4829,0.4954,0.42255,0.3641,0.01015,0.00345,0,0,0
V6D11,V041,6,11,24,160,160,160,0.42665,0.41895,0.4208,0.42535,0.4706,0.4297,0.4458,0.42355,0.3414,0.00975,0,0,0,0
V6D12,V041,6,12,24,160,160,160,0.42005,0.41735,0.4428,0.42455,0.4811,0.4153,0.4602,0.39715,0.2837,0.00815,0.00065,0,0,0.02675
V6D13,V041,6,13,24,400,400,160,0.45815,0.39505,0.4493,0.40765,0.4804,0.4049,0.4245,0.40665,0.4215,0.12205,0.00045,0,0,0.03545
V6D14,V041,6,14,24,400,400,160,0.39415,0.39735,0.3921,0.39695,0.4783,0.4082,0.4167,0.41145,0.4007,0.13945,0,0,0,0.04625
V6D15,V041,6,15,24,400,400,400,0.43605,0.46285,0.4262,0.46685,0.5139,0.4239,0.4448,0.49545,0.4175,0.28515,0.00425,0,0.0434,0.03645
V6D16,V041,6,16,24,400,160,160,0.41685,0.41345,0.3859,0.41175,0.4614,0.4062,0.4285,0.43385,0.4016,0.08225,0.00245,0,0.0434,0.01935
V6D17,V041,6,17,24,400,160,160,0.43405,0.45145,0.4188,0.44475,0.4772,0.4442,0.45,0.43115,0.4185,0.09565,0.00165,0,0.0953,0
V6D18,V041,6,18,24,400,400,160,0.46455,0.45025,0.4265,0.46095,0.5367,0.4664,0.488,0.46065,0.4245,0.17845,0.00265,0.01515,0.0389,0
V6D19,V041,6,19,24,400,400,160,0.41835,0.44465,0.4354,0.44695,0.5001,0.4524,0.4802,0.43255,0.3926,0.20895,0,0,0.0581,0
V6D20,V041,6,20,24,400,400,160,0.42255,0.45335,0.4372,0.44135,0.543,0.444,0.4523,0.44055,0.4088,0.22335,0.00535,0,0,0.04105
V6D21,V041,6,21,24,400,400,400,0.47045,0.43795,0.4674,0.44435,0.4784,0.439,0.4621,0.41595,0.3741,0.25835,0.00125,0,0,0.02845
T7D1,TMP,7,1,48,25.6,25.6,25.6,0.74295,0.75345,0.74955,0.77385,0.65375,0.5248,0.49375,0,0.0017,0.0006,0,0.00065,0.00055,0.0009
T7D2,TMP,7,2,48,25.6,25.6,25.6,0.74835,0.76685,0.75965,0.74255,0.63365,0.5433,0.53265,0,0.0011,0.0002,0,0,0,0
T7D3,TMP,7,3,48,400,400,400,0.56095,0.57145,0.55075,0.56605,0.58525,0.542,0.55075,0.47285,0.3358,0.5277,0,0,0,0.0002
T7D4,TMP,7,4,48,160,160,160,0.56655,0.57995,0.55975,0.57445,0.57375,0.5358,0.53265,0.55235,0.3277,0,0,0.00025,0,0.01
T7D5,TMP,7,5,48,400,400,400,0.53215,0.56525,0.59575,0.56945,0.57475,0.608,0.54545,0.55875,0.5312,0.4804,0.00955,0.00085,0,0.0006
T7D6,TMP,7,6,48,1750,1000,1000,0.59605,0.53135,0.53945,0.59345,0.56625,0.6095,0.53935,0.57285,0.5057,0.5445,0.47785,0.05015,0,0.0014
T7D7,TMP,7,7,48,1750,1750,1000,0.57655,0.57625,0.59645,0.60605,0.59105,0.6221,0.58835,0.59075,0.5402,0.5155,0.50205,0.22495,0,0.0015
T7D8,TMP,7,8,48,6250,2500,1750,0.65605,0.69725,0.63595,0.67085,0.69025,0.6853,0.67045,0.64875,0.6491,0.6086,0.56235,0.47655,0.28485,0.0364
T7D9,TMP,7,9,48,6250,6250,1750,0.60095,0.61565,0.62935,0.60765,0.61215,0.6252,0.62205,0.63585,0.6284,0.6094,0.57795,0.52805,0.30575,0.266
T7D10,TMP,7,10,48,6250,6250,2500,0.57665,0.63815,0.64245,0.62485,0.62765,0.6284,0.62175,0.59245,0.6527,0.6559,0.60205,0.52365,0.34365,0.2622
T7D11,TMP,7,11,48,6250,6250,2500,0.61955,0.67025,0.65045,0.68585,0.64515,0.6338,0.65255,0.67025,0.697,0.6718,0.62555,0.57475,0.38375,0.2633
T7D12,TMP,7,12,48,6250,6250,1750,0.68245,0.63565,0.61655,0.63815,0.62635,0.591,0.64075,0.63565,0.6959,0.6918,0.61355,0.57295,0.34305,0.2569
T7D13,TMP,7,13,48,6250,6250,2500,0.74015,0.75485,0.71945,0.74225,0.73515,0.7417,0.72905,0.75705,0.7978,0.7789,0.67345,0.69555,0.43535,0.303
T7D14,TMP,7,14,48,6250,6250,2500,0.63665,0.65745,0.63665,0.63805,0.63585,0.6376,0.66015,0.67115,0.718,0.6904,0.63745,0.67005,0.43385,0.3009
T7D15,TMP,7,15,48,6250,6250,2500,0.64575,0.64025,0.63725,0.60975,0.59055,0.6255,0.61905,0.59845,0.6716,0.6223,0.60355,0.61345,0.46745,0.296
T7D16,TMP,7,16,48,6250,6250,2500,0.61905,0.62905,0.63545,0.61325,0.58535,0.603,0.63445,0.62605,0.674,0.6561,0.62855,0.62915,0.45655,0.2844
T7D17,TMP,7,17,48,6250,6250,2500,0.61965,0.60815,0.59475,0.61575,0.57995,0.6112,0.59235,0.59355,0.6454,0.6103,0.62625,0.65295,0.47595,0.304
T7D18,TMP,7,18,48,6250,6250,2500,0.60915,0.59385,0.58455,0.58765,0.57695,0.5959,0.58345,0.58745,0.6741,0.6205,0.62915,0.62265,0.48825,0.3096
T7D19,TMP,7,19,48,6250,6250,2500,0.57185,0.56075,0.54585,0.53815,0.52875,0.5386,0.52675,0.52105,0.5744,0.5571,0.60255,0.63225,0.46545,0.2627
T7D20,TMP,7,20,48,6250,6250,2500,0.59225,0.58905,0.56715,0.58755,0.53195,0.5574,0.54875,0.52945,0.5845,0.5814,0.60835,0.63715,0.43615,0.2763
T7D21,TMP,7,21,48,6250,6250,0.1,1.02875,0.50535,0.46445,0.47945,0.48715,0.6157,0.50715,0.50825,0.5625,0.5469,0.57345,0.57995,0.39545,0.2776
V6D1,V041,6,1,48,1.64,1.64,0.66,0.6236,0.5081,0.5601,0.2388,0.00355,0.0012,0,5.00E-05,0.0001,0.0006,0.0009,0.0125,0.02575,0
V6D2,V041,6,2,48,4.1,4.1,4.1,0.5414,0.492,0.4879,0.5041,0.35645,0,0,0,0,0,0,0,0.02765,0.0589
V6D3,V041,6,3,48,4.1,4.1,4.1,0.5716,0.5139,0.4768,0.5215,0.38575,0,0,0,0,0,0.0031,0,0,0
V6D4,V041,6,4,48,10.2,10.2,10.2,0.5886,0.5949,0.58,0.5457,0.54025,0.3172,0,0,0.5042,0.1423,0,0.0088,0.05295,0
V6D5,V041,6,5,48,64,64,25.6,0.6301,0.633,0.6427,0.5748,0.59425,0.5443,0.4866,0.20865,0,0.0011,0.0013,0.041,0.03455,0
V6D6,V041,6,6,48,64,64,64,0.4708,0.503,0.444,0.4952,0.56905,0.5721,0.5486,0.36365,0,0.002,0,0.0081,0.04185,0
V6D7,V041,6,7,48,160,160,160,0.5301,0.4806,0.4822,0.4822,0.54655,0.5674,0.5454,0.47215,0.3574,0,0.0014,0,0.07125,0
V6D8,V041,6,8,48,160,160,160,0.6131,0.5553,0.5578,0.5724,0.60415,0.5793,0.5586,0.50175,0.5059,0.0038,0.0013,0.029,0.06135,0.0005
V6D9,V041,6,9,48,160,160,160,0.618,0.6258,0.5796,0.591,0.64805,0.6158,0.6293,0.53915,0.3942,0.0028,0,0,0.07875,0
V6D10,V041,6,10,48,400,400,160,0.6452,0.6765,0.662,0.6586,0.70875,0.696,0.6639,0.55625,0.5063,0.2291,0.0033,0,0,0
V6D11,V041,6,11,48,400,400,400,0.6168,0.6254,0.6152,0.6642,0.68025,0.6667,0.6488,0.61635,0.4719,0.3667,0,0,0,0
V6D12,V041,6,12,48,400,400,400,0.5821,0.5501,0.55,0.6075,0.62005,0.6849,0.6233,0.56515,0.4353,0.3946,0.0012,0,0,0.032
V6D13,V041,6,13,48,400,400,400,0.683,0.63,0.6675,0.628,0.66735,0.6826,0.681,0.70735,0.7014,0.4698,0.0023,0,0,0.0423
V6D14,V041,6,14,48,400,400,400,0.5535,0.5413,0.5416,0.5729,0.60055,0.5992,0.5831,0.61295,0.6191,0.4448,0,0,0,0.0517
V6D15,V041,6,15,48,400,400,400,0.5735,0.575,0.5844,0.5843,0.58435,0.607,0.6226,0.61595,0.6468,0.4411,0.0045,0,0.04475,0.0338
V6D16,V041,6,16,48,400,400,400,0.6073,0.5701,0.5458,0.5681,0.57885,0.6116,0.6087,0.63625,0.6379,0.4095,0.0025,0,0.04775,0.0172
V6D17,V041,6,17,48,400,400,400,0.6042,0.5891,0.5781,0.6173,0.59325,0.621,0.6279,0.63875,0.6685,0.4496,0.0006,0,0.10045,0
V6D18,V041,6,18,48,400,400,400,0.6389,0.6152,0.6068,0.6141,0.63245,0.654,0.6591,0.65795,0.6704,0.4797,0.001,0.0172,0.04065,0
V6D19,V041,6,19,48,400,400,400,0.5976,0.5933,0.5875,0.5952,0.61145,0.615,0.6183,0.61855,0.6545,0.4715,0,0,0.06745,0
V6D20,V041,6,20,48,400,400,400,0.622,0.6091,0.6153,0.624,0.65165,0.644,0.6405,0.65485,0.699,0.4686,0.0017,0,0,0.0412
V6D21,V041,6,21,48,400,400,400,0.5403,0.5237,0.5123,0.5646,0.58625,0.6153,0.5993,0.59855,0.641,0.4481,0,0,0.00225,0.0297
V8D1,V041,8,1,24,1.64,0.66,0.66,0.55645,0.47405,0.4593,0.05805,0.0038,0.0026,0.0011,0,0,0,0.00235,0.03315,0,0.01115
V8D2,V041,8,2,24,1.64,0.66,0.66,0.55905,0.47085,0.435,0.05705,0.0047,0.0025,0.0002,0.00045,0.0004,0.00155,0.00065,0.00475,0.0731,0
V8D3,V041,8,3,24,1.64,0.66,0.66,0.53415,0.47995,0.4231,0.06275,0.0036,0.0034,0.0023,5.00E-05,0.0005,0.00195,0.00145,0.01835,0.0596,0.08615
V8D4,V041,8,4,24,4.1,4.1,1.64,0.49915,0.50045,0.4847,0.40155,0.2248,0.0057,0.0004,0.00025,0,0.00065,0.00275,0,0.0339,0.01075
V8D5,V041,8,5,24,10.2,4.1,4.1,0.49095,0.48415,0.4948,0.42505,0.3627,0.0359,0.0101,0,0.0005,0,0.00115,0.02485,0.0057,0
V8D6,V041,8,6,24,25.6,25.6,25.6,0.36585,0.38175,0.3894,0.35955,0.3741,0.3428,0.2333,0.00215,0,0,0,0.02135,0.0677,0.02205
V8D7,V041,8,7,24,25.6,25.6,25.6,0.35985,0.36845,0.3409,0.34765,0.4103,0.3474,0.2812,0.00085,0,0.00035,0.00165,0.03085,0.0107,0
V8D8,V041,8,8,24,25.6,25.6,25.6,0.38925,0.38795,0.3653,0.43575,0.4521,0.361,0.2693,0.01465,0,0,0.00155,0.04225,0,0
V8D9,V041,8,9,24,160,64,64,0.34355,0.36555,0.3618,0.35475,0.4265,0.3722,0.3923,0.27205,0.0237,0,0,0,0.0635,0.00085
V8D10,V041,8,10,24,160,160,64,0.32095,0.36365,0.3475,0.35615,0.4351,0.3686,0.3862,0.33575,0.116,0.00285,0.00155,0,0.0135,0
V8D11,V041,8,11,24,160,160,64,0.31955,0.35015,0.359,0.35795,0.3889,0.3519,0.357,0.29105,0.1742,0.00255,0.00155,0,0,0.01675
V8D12,V041,8,12,24,160,160,64,0.34895,0.33455,0.3325,0.33965,0.3815,0.3329,0.3482,0.33845,0.1549,0.00195,0.00355,0,0,0.07645
V8D13,V041,8,13,24,160,160,160,0.38765,0.40235,0.3788,0.38005,0.4079,0.3806,0.3775,0.39975,0.2967,0.00395,0.00485,0.03655,0.0509,0
V8D14,V041,8,14,24,160,160,160,0.36455,0.35035,0.3452,0.35065,0.4002,0.3579,0.3733,0.38085,0.3198,0,0.00255,0,0.0787,0.00875
V8D15,V041,8,15,24,160,160,160,0.35125,0.32035,0.3212,0.33655,0.3639,0.3235,0.3372,0.34105,0.425,0.01625,0.00395,0,0,0.03085
V8D16,V041,8,16,24,160,160,160,0.34785,0.34125,0.3444,0.34745,0.3972,0.355,0.374,0.35525,0.3267,0.00035,0.00475,0,0.0578,0
V8D17,V041,8,17,24,160,160,160,0.32495,0.29395,0.2935,0.29805,0.3545,0.3096,0.3253,0.33935,0.3218,0.00055,0.00455,0,0.0443,0
V8D18,V041,8,18,24,160,160,160,0.27725,0.25825,0.2672,0.28285,0.3464,0.28,0.3102,0.30155,0.3551,0,0.00275,0,0,0
V8D19,V041,8,19,24,160,160,160,0.30115,0.28535,0.3216,0.27865,0.3254,0.3248,0.312,0.31365,0.3611,0.00075,0.00095,0,0.0605,0
V8D20,V041,8,20,24,160,160,160,0.28195,0.25095,0.2733,0.27535,0.3297,0.2807,0.3036,0.29785,0.3082,0,0.00135,0,0.0602,0.01615
V8D21,V041,8,21,24,160,160,160,0.28455,0.26695,0.2828,0.28875,0.3411,0.3199,0.3081,0.29165,0.2874,0,0.00175,0,0.055,0
V8D1,V041,8,1,48,1.64,1.64,0.66,0.6411,0.5073,0.5499,0.2054,0.00635,0.0014,0.0004,0,0,1.00E-04,0,0.0265,0,0.0126
V8D2,V041,8,2,48,4.1,4.1,1.64,0.6424,0.5221,0.5453,0.4186,0.21245,0.0002,0,0,0,0.0028,0,0.0098,0.07865,0
V8D3,V041,8,3,48,4.1,4.1,1.64,0.5843,0.5143,0.5321,0.4107,0.20485,0.0009,0.0005,0,0,0.0024,0.0004,0.0225,0.05805,0.0917
V8D4,V041,8,4,48,10.2,10.2,4.1,0.5307,0.5415,0.528,0.443,0.52955,0.1819,0,0,0,0.0015,0.0014,0,0.03935,0.0036
V8D5,V041,8,5,48,25.6,25.6,25.6,0.5529,0.5436,0.5475,0.4673,0.56615,0.4864,0.447,0,0,0,0,0.0315,0.00315,0
V8D6,V041,8,6,48,64,64,64,0.546,0.5425,0.5653,0.5495,0.53225,0.4534,0.3639,0.44395,0,0,0,0.0207,0.07045,0.0214
V8D7,V041,8,7,48,64,64,64,0.5423,0.5161,0.5244,0.5243,0.53275,0.4462,0.3976,0.30685,0,0.001,0,0.0386,0.00935,0
V8D8,V041,8,8,48,64,64,64,0.5841,0.56,0.5632,0.6196,0.56825,0.4834,0.4115,0.36205,0,0,0.001,0.0271,0,0
V8D9,V041,8,9,48,160,160,64,0.5359,0.5142,0.5181,0.531,0.54045,0.5314,0.5356,0.35025,0.2633,0,0,0,0.07245,0
V8D10,V041,8,10,48,160,160,64,0.4749,0.5191,0.4801,0.5306,0.55905,0.5734,0.5458,0.37705,0.2765,0.0044,0,0.0058,0.01855,0
V8D11,V041,8,11,48,160,160,160,0.4664,0.4716,0.4874,0.512,0.52525,0.5795,0.4936,0.33715,0.3518,0.0044,0.0015,0,0,0.0174
V8D12,V041,8,12,48,160,160,160,0.5446,0.5586,0.5455,0.5319,0.54685,0.5316,0.5242,0.40885,0.3266,0.0046,0.0024,0,0,0.0843
V8D13,V041,8,13,48,400,400,160,0.5412,0.5409,0.551,0.5656,0.55715,0.5632,0.5764,0.56175,0.4927,0.2835,0.0012,0.0308,0.05195,0
V8D14,V041,8,14,48,160,160,160,0.5418,0.5104,0.5508,0.5408,0.55595,0.5574,0.5762,0.56195,0.5082,0.0007,0.0004,0.0037,0.08495,0.0036
V8D15,V041,8,15,48,400,400,160,0.5294,0.5119,0.5333,0.5247,0.52975,0.5232,0.5473,0.54815,0.5672,0.2716,0.0011,0,0,0.0287
V8D16,V041,8,16,48,160,160,160,0.5177,0.5225,0.5323,0.5495,0.55085,0.5518,0.5662,0.54055,0.5072,0.0007,0.0007,0.0006,0.05645,0
V8D17,V041,8,17,48,160,160,160,0.4904,0.4713,0.4907,0.4874,0.50755,0.4931,0.5097,0.50995,0.5379,0.0008,0,0,0.04685,0
V8D18,V041,8,18,48,160,160,160,0.4658,0.4522,0.4648,0.4788,0.47685,0.4681,0.4857,0.48195,0.5426,0,0,0,0,0
V8D19,V041,8,19,48,160,160,160,0.4505,0.4302,0.4798,0.4693,0.46015,0.4986,0.4693,0.45745,0.5095,0.0017,0.0005,0,0.06545,0
V8D20,V041,8,20,48,160,160,160,0.4284,0.4513,0.4304,0.4913,0.49735,0.5044,0.5082,0.44065,0.4515,0,0,0,0.06865,0.0132
V8D21,V041,8,21,48,160,160,160,0.4285,0.4149,0.4369,0.461,0.48475,0.5046,0.4604,0.44345,0.4395,0,0,0,0.05835,0